class_name,threshold,selected,true_positive,false_positive,precision,precision_lower_bound,recall
helmet,0.3,400,255,145,0.6375,0.5892885151310687,1.0
helmet,0.3017,399,255,144,0.6390977443609023,0.5908540135203437,1.0
helmet,0.3035,398,255,143,0.6407035175879398,0.5924280481663922,1.0
helmet,0.3052,397,255,142,0.6423173803526449,0.5940106918545782,1.0
helmet,0.3069,396,255,141,0.6439393939393939,0.5956020182544941,1.0
helmet,0.3086,395,255,140,0.6455696202531646,0.597202101934787,1.0
helmet,0.3104,394,255,139,0.6472081218274112,0.5988110183783233,1.0
helmet,0.3121,393,254,139,0.6463104325699746,0.5978323893475763,0.996078431372549
helmet,0.3138,392,254,138,0.6479591836734694,0.5994516024490203,0.996078431372549
helmet,0.3156,391,254,137,0.649616368286445,0.6010798312477293,0.996078431372549
helmet,0.3173,390,254,136,0.6512820512820513,0.6027171544854351,0.996078431372549
helmet,0.319,389,254,135,0.6529562982005142,0.6043636518892325,0.996078431372549
helmet,0.3208,388,254,134,0.654639175257732,0.606019404188744,0.996078431372549
helmet,0.3225,387,254,133,0.6563307493540051,0.6076844931336935,0.996078431372549
helmet,0.3242,386,254,132,0.6580310880829016,0.6093590015119078,0.996078431372549
helmet,0.3259,385,253,132,0.6571428571428571,0.6083859157982644,0.9921568627450981
helmet,0.3277,384,253,131,0.6588541666666666,0.6100715229963647,0.9921568627450981
helmet,0.3294,383,253,130,0.660574412532637,0.611766750788906,0.9921568627450981
helmet,0.3311,382,253,129,0.662303664921466,0.6134716856666157,0.9921568627450981
helmet,0.3329,381,253,128,0.6640419947506562,0.6151864152428245,0.9921568627450981
helmet,0.3346,380,253,127,0.6657894736842105,0.6169110282739765,0.9921568627450981
helmet,0.3363,379,253,126,0.6675461741424802,0.6186456146806618,0.9921568627450981
helmet,0.338,378,253,125,0.6693121693121693,0.6203902655691909,0.9921568627450981
helmet,0.3398,377,252,125,0.6684350132625995,0.6194241796725576,0.9882352941176471
helmet,0.3415,376,252,124,0.6702127659574468,0.6211808156492599,0.9882352941176471
helmet,0.3432,375,252,123,0.672,0.6229477380287294,0.9882352941176471
helmet,0.345,374,252,122,0.6737967914438503,0.6247250421489431,0.9882352941176471
helmet,0.3467,373,252,121,0.675603217158177,0.6265128246349481,0.9882352941176471
helmet,0.3484,372,252,120,0.6774193548387096,0.628311183423636,0.9882352941176471
helmet,0.3502,371,252,119,0.6792452830188679,0.6301202177891894,0.9882352941176471
helmet,0.3519,370,252,118,0.6810810810810811,0.6319400283692278,0.9882352941176471
helmet,0.3536,369,251,118,0.6802168021680217,0.6309825863300479,0.984313725490196
helmet,0.3553,368,251,117,0.6820652173913043,0.6328153642939622,0.984313725490196
helmet,0.3571,367,251,116,0.6839237057220708,0.6346591641755799,0.984313725490196
helmet,0.3588,366,251,115,0.6857923497267759,0.63651409148027,0.984313725490196
helmet,0.3605,365,251,114,0.6876712328767123,0.6383802531997799,0.984313725490196
helmet,0.3623,364,251,113,0.6895604395604396,0.6402577578425286,0.984313725490196
helmet,0.364,363,251,112,0.6914600550964187,0.6421467154647864,0.984313725490196
helmet,0.3657,362,251,111,0.6933701657458563,0.644047237702772,0.984313725490196
helmet,0.3674,361,250,111,0.6925207756232687,0.6431002980199434,0.9803921568627451
helmet,0.3692,360,250,110,0.6944444444444444,0.6450148801991438,0.9803921568627451
helmet,0.3709,359,250,109,0.6963788300835655,0.6469413001246935,0.9803921568627451
helmet,0.3726,358,250,108,0.6983240223463687,0.6488796750748146,0.9803921568627451
helmet,0.3744,357,250,107,0.7002801120448179,0.6508301240587823,0.9803921568627451
helmet,0.3761,356,250,106,0.702247191011236,0.6527927678545057,0.9803921568627451
helmet,0.3778,355,250,105,0.704225352112676,0.6547677290472946,0.9803921568627451
helmet,0.3795,354,250,104,0.7062146892655368,0.6567551320698626,0.9803921568627451
helmet,0.3813,353,249,104,0.7053824362606232,0.6558207992899232,0.9764705882352941
helmet,0.383,352,249,103,0.7073863636363636,0.6578234822450602,0.9764705882352941
helmet,0.3847,351,249,102,0.7094017094017094,0.6598389120378652,0.9764705882352941
helmet,0.3865,350,249,101,0.7114285714285714,0.6618672196986075,0.9764705882352941
helmet,0.3882,349,249,100,0.7134670487106017,0.6639085382935647,0.9764705882352941
helmet,0.3899,348,249,99,0.7155172413793104,0.6659630029724394,0.9764705882352941
helmet,0.3917,347,249,98,0.7175792507204611,0.6680307510174017,0.9764705882352941
helmet,0.3934,346,249,97,0.7196531791907514,0.6701119218938306,0.9764705882352941
helmet,0.3951,345,248,97,0.7188405797101449,0.6691925838842568,0.9725490196078431
helmet,0.3968,344,248,96,0.7209302325581395,0.6712904030892726,0.9725490196078431
helmet,0.3986,343,248,95,0.7230320699708455,0.6734019875221033,0.9725490196078431
helmet,0.4003,342,248,94,0.7251461988304093,0.6755274844444239,0.9725490196078431
helmet,0.402,341,248,93,0.7272727272727273,0.6776670435408746,0.9725490196078431
helmet,0.4038,340,248,92,0.7294117647058823,0.6798208169800928,0.9725490196078431
helmet,0.4055,339,248,91,0.7315634218289085,0.6819889594780342,0.9725490196078431
helmet,0.4072,338,248,90,0.7337278106508875,0.6841716283637036,0.9725490196078431
helmet,0.4089,337,247,90,0.7329376854599406,0.6832700005669534,0.9686274509803922
helmet,0.4107,336,247,89,0.7351190476190477,0.6854708605657113,0.9686274509803922
helmet,0.4124,335,247,88,0.7373134328358208,0.6876866336811877,0.9686274509803922
helmet,0.4141,334,247,87,0.7395209580838323,0.6899174865721504,0.9686274509803922
helmet,0.4159,333,247,86,0.7417417417417418,0.6921635888219205,0.9686274509803922
helmet,0.4176,332,247,85,0.7439759036144579,0.6944251130188172,0.9686274509803922
helmet,0.4193,331,247,84,0.7462235649546828,0.6967022348399379,0.9686274509803922
helmet,0.4211,330,247,83,0.7484848484848485,0.698995133138465,0.9686274509803922
helmet,0.4228,329,246,83,0.7477203647416414,0.6981143114935089,0.9647058823529412
helmet,0.4245,328,246,82,0.75,0.7004271508439672,0.9647058823529412
helmet,0.4262,327,246,81,0.7522935779816514,0.7027562066668885,0.9647058823529412
helmet,0.428,326,246,80,0.754601226993865,0.7051016691535902,0.9647058823529412
helmet,0.4297,325,246,79,0.7569230769230769,0.7074637320869768,0.9647058823529412
helmet,0.4314,324,246,78,0.7592592592592593,0.7098425929506462,0.9647058823529412
helmet,0.4332,323,246,77,0.7616099071207431,0.7122384530430408,0.9647058823529412
helmet,0.4349,322,246,76,0.7639751552795031,0.7146515175969669,0.9647058823529412
helmet,0.4366,321,245,76,0.7632398753894081,0.7137950423656424,0.9607843137254902
helmet,0.4383,320,245,75,0.765625,0.7162300472806377,0.9607843137254902
helmet,0.4401,319,245,74,0.768025078369906,0.7186827617055103,0.9607843137254902
helmet,0.4418,318,245,73,0.7704402515723271,0.7211534049179413,0.9607843137254902
helmet,0.4435,317,245,72,0.7728706624605678,0.723642200702176,0.9607843137254902
helmet,0.4453,316,245,71,0.7753164556962026,0.7261493775022161,0.9607843137254902
helmet,0.447,315,245,70,0.7777777777777778,0.7286751685829919,0.9607843137254902
helmet,0.4487,314,245,69,0.7802547770700637,0.7312198122000833,0.9607843137254902
helmet,0.4505,313,244,69,0.7795527156549521,0.7303917457379673,0.9568627450980393
helmet,0.4522,312,244,68,0.782051282051282,0.7329606342559154,0.9568627450980393
helmet,0.4539,311,244,67,0.7845659163987139,0.7355489614571283,0.9568627450980393
helmet,0.4556,310,244,66,0.7870967741935484,0.7381569834205145,0.9568627450980393
helmet,0.4574,309,244,65,0.7896440129449838,0.7407849620350758,0.9568627450980393
helmet,0.4591,308,244,64,0.7922077922077922,0.7434331652242996,0.9568627450980393
helmet,0.4608,307,244,63,0.7947882736156352,0.7461018671838618,0.9568627450980393
helmet,0.4626,306,244,62,0.7973856209150327,0.748791348633709,0.9568627450980393
helmet,0.4643,305,243,62,0.7967213114754098,0.7479963713610019,0.9529411764705882
helmet,0.466,304,243,61,0.7993421052631579,0.7507127839098455,0.9529411764705882
helmet,0.4677,303,243,60,0.801980198019802,0.7534506659003037,0.9529411764705882
helmet,0.4695,302,243,59,0.804635761589404,0.7562103213851055,0.9529411764705882
helmet,0.4712,301,243,58,0.8073089700996677,0.7589920621730186,0.9529411764705882
helmet,0.4729,300,243,57,0.81,0.7617962081751882,0.9529411764705882
helmet,0.4747,299,243,56,0.8127090301003345,0.7646230877751532,0.9529411764705882
helmet,0.4764,298,243,55,0.8154362416107382,0.7674730382247111,0.9529411764705882
helmet,0.4781,297,242,55,0.8148148148148148,0.7667165689853571,0.9490196078431372
helmet,0.4798,296,242,54,0.8175675675675675,0.7695966274940903,0.9490196078431372
helmet,0.4816,295,242,53,0.8203389830508474,0.7725005843462224,0.9490196078431372
helmet,0.4833,294,242,52,0.8231292517006803,0.7754288086109292,0.9490196078431372
helmet,0.485,293,242,51,0.825938566552901,0.7783816801930918,0.9490196078431372
helmet,0.4868,292,242,50,0.8287671232876712,0.7813595904040769,0.9490196078431372
helmet,0.4885,291,242,49,0.8316151202749141,0.7843629425781335,0.9490196078431372
helmet,0.4902,290,242,48,0.8344827586206897,0.7873921527392392,0.9490196078431372
helmet,0.492,289,241,48,0.8339100346020761,0.786680502996494,0.9450980392156862
helmet,0.4937,288,241,47,0.8368055555555556,0.7897436534310314,0.9450980392156862
helmet,0.4954,287,241,46,0.8397212543554007,0.7928336802348892,0.9450980392156862
helmet,0.4971,286,241,45,0.8426573426573427,0.7959510452557339,0.9450980392156862
helmet,0.4989,285,241,44,0.8456140350877193,0.7990962264261512,0.9450980392156862
helmet,0.5006,284,241,43,0.8485915492957746,0.8022697187865426,0.9450980392156862
helmet,0.5023,283,241,42,0.8515901060070671,0.8054720356052673,0.9450980392156862
helmet,0.5041,282,241,41,0.8546099290780141,0.8087037096081414,0.9450980392156862
helmet,0.5058,281,240,41,0.8540925266903915,0.8080442868446904,0.9411764705882353
helmet,0.5075,280,240,40,0.8571428571428571,0.8113146549014362,0.9411764705882353
helmet,0.5092,279,240,39,0.8602150537634409,0.8146156808333541,0.9411764705882353
helmet,0.511,278,240,38,0.8633093525179856,0.8179479684917411,0.9411764705882353
helmet,0.5127,277,240,37,0.8664259927797834,0.8213121476666151,0.9411764705882353
helmet,0.5144,276,240,36,0.8695652173913043,0.8247088761334902,0.9411764705882353
helmet,0.5162,275,240,35,0.8727272727272727,0.8281388419370082,0.9411764705882353
helmet,0.5179,274,240,34,0.8759124087591241,0.8316027659470258,0.9411764705882353
helmet,0.5196,273,239,34,0.8754578754578755,0.8310043534378866,0.9372549019607843
helmet,0.5214,272,239,33,0.8786764705882353,0.8345131208589376,0.9372549019607843
helmet,0.5231,271,238,33,0.8782287822878229,0.8339206289575634,0.9333333333333333
helmet,0.5248,270,238,32,0.8814814814814815,0.8374755031866067,0.9333333333333333
helmet,0.5265,269,237,32,0.8810408921933085,0.836889207047039,0.9294117647058824
helmet,0.5283,268,236,32,0.8805970149253731,0.8362986699335685,0.9254901960784314
helmet,0.53,267,235,32,0.8801498127340824,0.8357038457165128,0.9215686274509803
helmet,0.5317,266,234,32,0.8796992481203008,0.8351046875956006,0.9176470588235294
helmet,0.5335,265,234,31,0.8830188679245283,0.8387393520211165,0.9176470588235294
helmet,0.5352,264,233,31,0.8825757575757576,0.8381467200796882,0.9137254901960784
helmet,0.5369,263,232,31,0.8821292775665399,0.8375497207149636,0.9098039215686274
helmet,0.5386,262,231,31,0.8816793893129771,0.8369483055246473,0.9058823529411765
helmet,0.5404,261,230,31,0.8812260536398467,0.8363424253894711,0.9019607843137255
helmet,0.5421,260,230,30,0.8846153846153846,0.8400605875360478,0.9019607843137255
helmet,0.5438,259,229,30,0.8841698841698842,0.8394615896978728,0.8980392156862745
helmet,0.5456,258,228,30,0.8837209302325582,0.8388580928881679,0.8941176470588236
helmet,0.5473,257,227,30,0.8832684824902723,0.8382500462866237,0.8901960784313725
helmet,0.549,256,226,30,0.8828125,0.8376373983055788,0.8862745098039215
helmet,0.5508,255,226,29,0.8862745098039215,0.8414430353547099,0.8862745098039215
helmet,0.5525,254,225,29,0.8858267716535433,0.8408376541299156,0.8823529411764706
helmet,0.5542,253,224,29,0.8853754940711462,0.8402276370806253,0.8784313725490196
helmet,0.5559,252,223,29,0.8849206349206349,0.8396129308121183,0.8745098039215686
helmet,0.5577,251,222,29,0.8844621513944223,0.8389934811075429,0.8705882352941177
helmet,0.5594,250,222,28,0.888,0.8428908673839414,0.8705882352941177
helmet,0.5611,249,221,28,0.8875502008032129,0.8422791002196575,0.8666666666666667
helmet,0.5629,248,220,28,0.8870967741935484,0.8416625548686627,0.8627450980392157
helmet,0.5646,247,219,28,0.8866396761133604,0.8410411751935607,0.8588235294117647
helmet,0.5663,246,218,28,0.8861788617886179,0.8404149041751896,0.8549019607843137
helmet,0.568,245,218,27,0.889795918367347,0.8444086423396907,0.8549019607843137
helmet,0.5698,244,217,27,0.889344262295082,0.8437905043483725,0.8509803921568627
helmet,0.5715,243,216,27,0.8888888888888888,0.8431674400989942,0.8470588235294118
helmet,0.5732,242,215,27,0.8884297520661157,0.8425393905304224,0.8431372549019608
helmet,0.575,241,214,27,0.8879668049792531,0.8419062956347629,0.8392156862745098
helmet,0.5767,240,214,26,0.8916666666666667,0.8460013522224429,0.8392156862745098
helmet,0.5784,239,213,26,0.891213389121339,0.8453768793799404,0.8352941176470589
helmet,0.5802,238,212,26,0.8907563025210085,0.8447473263078823,0.8313725490196079
helmet,0.5819,237,211,26,0.890295358649789,0.8441126308265681,0.8274509803921568
helmet,0.5836,236,210,26,0.8898305084745762,0.843472729738617,0.8235294117647058
helmet,0.5853,235,210,25,0.8936170212765957,0.8476744758180065,0.8235294117647058
helmet,0.5871,234,209,25,0.8931623931623932,0.8470437287201552,0.8196078431372549
helmet,0.5888,233,208,25,0.8927038626609443,0.8464077413444888,0.8156862745098039
helmet,0.5905,232,207,25,0.8922413793103449,0.845766448183132,0.8117647058823529
helmet,0.5923,231,206,25,0.8917748917748918,0.8451197826330523,0.807843137254902
helmet,0.594,230,206,24,0.8956521739130435,0.8494340405356987,0.807843137254902
helmet,0.5957,229,205,24,0.8951965065502183,0.8487971088212604,0.803921568627451
helmet,0.5974,228,204,24,0.8947368421052632,0.8481547705489089,0.8
helmet,0.5992,227,203,24,0.8942731277533039,0.8475069566571741,0.796078431372549
helmet,0.6009,226,202,24,0.8938053097345132,0.8468535969046933,0.792156862745098
helmet,0.6026,225,202,23,0.8977777777777778,0.851286694195248,0.792156862745098
helmet,0.6044,224,201,23,0.8973214285714286,0.8506437017667746,0.788235294117647
helmet,0.6061,223,200,23,0.8968609865470852,0.8499951301441482,0.7843137254901961
helmet,0.6078,222,199,23,0.8963963963963963,0.8493409064700466,0.7803921568627451
helmet,0.6095,221,198,23,0.8959276018099548,0.8486809566144723,0.7764705882352941
helmet,0.6113,220,198,22,0.9,0.8532397887557469,0.7764705882352941
helmet,0.613,219,197,22,0.8995433789954338,0.8525908999596908,0.7725490196078432
helmet,0.6147,218,196,22,0.8990825688073395,0.8519362528954887,0.7686274509803922
helmet,0.6165,217,195,22,0.8986175115207373,0.8512757706498778,0.7647058823529411
helmet,0.6182,216,194,22,0.8981481481481481,0.8506093749352147,0.7607843137254902
helmet,0.6199,215,194,21,0.9023255813953488,0.8553014784721927,0.7607843137254902
helmet,0.6217,214,193,21,0.9018691588785047,0.8546469054371485,0.7568627450980392
helmet,0.6234,213,192,21,0.9014084507042254,0.8539863885986633,0.7529411764705882
helmet,0.6251,212,191,21,0.9009433962264151,0.8533198467087136,0.7490196078431373
helmet,0.6268,211,190,21,0.9004739336492891,0.8526471970332944,0.7450980392156863
helmet,0.6286,210,190,20,0.9047619047619048,0.8574808356060176,0.7450980392156863
helmet,0.6303,209,189,20,0.9043062200956937,0.8568208469856728,0.7411764705882353
helmet,0.632,208,188,20,0.9038461538461539,0.856154722619661,0.7372549019607844
helmet,0.6338,207,187,20,0.9033816425120773,0.8554823766269135,0.7333333333333333
helmet,0.6355,206,186,20,0.9029126213592233,0.8548037215177948,0.7294117647058823
helmet,0.6372,205,186,19,0.9073170731707317,0.8597879876599277,0.7294117647058823
helmet,0.6389,204,185,19,0.9068627450980392,0.8591229190883845,0.7254901960784313
helmet,0.6407,203,184,19,0.9064039408866995,0.8584515165799941,0.7215686274509804
helmet,0.6424,202,183,19,0.905940594059406,0.8577736893024287,0.7176470588235294
helmet,0.6441,201,182,19,0.9054726368159204,0.8570893446800238,0.7137254901960784
helmet,0.6459,200,182,18,0.91,0.8622342812328346,0.7137254901960784
helmet,0.6476,199,181,18,0.9095477386934674,0.8615645478788104,0.7098039215686275
helmet,0.6493,198,180,18,0.9090909090909091,0.8608882764426986,0.7058823529411765
helmet,0.6511,197,179,18,0.9086294416243654,0.8602053708027305,0.7019607843137254
helmet,0.6528,196,178,18,0.9081632653061225,0.8595157329455223,0.6980392156862745
helmet,0.6545,195,178,17,0.9128205128205128,0.8648324791126469,0.6980392156862745
helmet,0.6562,194,177,17,0.9123711340206185,0.8641585908218183,0.6941176470588235
helmet,0.658,193,176,17,0.9119170984455959,0.863477954824753,0.6901960784313725
helmet,0.6597,192,175,17,0.9114583333333334,0.8627904693526964,0.6862745098039216
helmet,0.6614,191,174,17,0.9109947643979057,0.8620960305820348,0.6823529411764706
helmet,0.6632,190,174,16,0.9157894736842105,0.8675969993151479,0.6823529411764706
helmet,0.6649,189,173,16,0.9153439153439153,0.8669195789651997,0.6784313725490196
helmet,0.6666,188,172,16,0.9148936170212766,0.8662351965179904,0.6745098039215687
helmet,0.6683,187,171,16,0.9144385026737968,0.8655437441824191,0.6705882352941176
helmet,0.6701,186,170,16,0.9139784946236559,0.8648451119327408,0.6666666666666666
helmet,0.6718,185,170,15,0.918918918918919,0.8705442076987479,0.6666666666666666
helmet,0.6735,184,169,15,0.9184782608695652,0.8698640135719263,0.6627450980392157
helmet,0.6753,183,168,15,0.9180327868852459,0.8691766392132035,0.6588235294117647
helmet,0.677,182,167,15,0.9175824175824175,0.8684819704188894,0.6549019607843137
helmet,0.6787,181,166,15,0.9171270718232044,0.8677798905526313,0.6509803921568628
helmet,0.6805,180,166,14,0.9222222222222223,0.8736927799483828,0.6509803921568628
helmet,0.6822,179,165,14,0.9217877094972067,0.8730107331696589,0.6470588235294118
helmet,0.6839,178,164,14,0.9213483146067416,0.8723212857134467,0.6431372549019608
helmet,0.6856,177,163,14,0.9209039548022598,0.8716243165632818,0.6392156862745098
helmet,0.6874,176,162,14,0.9204545454545454,0.8709197020520024,0.6352941176470588
helmet,0.6891,175,162,13,0.9257142857142857,0.8770641547871612,0.6352941176470588
helmet,0.6908,174,161,13,0.9252873563218391,0.8763813732095473,0.6313725490196078
helmet,0.6926,173,160,13,0.9248554913294798,0.8756909701705725,0.6274509803921569
helmet,0.6943,172,159,13,0.9244186046511628,0.874992817438699,0.6235294117647059
helmet,0.696,171,158,13,0.9239766081871345,0.8742867838918311,0.6196078431372549
helmet,0.6977,170,158,12,0.9294117647058824,0.8806831093334686,0.6196078431372549
helmet,0.6995,169,157,12,0.9289940828402367,0.8800009497170941,0.615686274509804
helmet,0.7012,168,156,12,0.9285714285714286,0.879310950204933,0.611764705882353
helmet,0.7029,167,155,12,0.9281437125748503,0.8786129749579787,0.6078431372549019
helmet,0.7047,166,154,12,0.927710843373494,0.8779068849832253,0.6039215686274509
helmet,0.7064,165,154,11,0.9333333333333333,0.8845785014422503,0.6039215686274509
helmet,0.7081,164,153,11,0.9329268292682927,0.8838986124358267,0.6
helmet,0.7098,163,152,11,0.9325153374233128,0.8832106710884665,0.596078431372549
helmet,0.7116,162,151,11,0.9320987654320988,0.8825145335892841,0.592156862745098
helmet,0.7133,161,150,11,0.9316770186335404,0.8818100526848196,0.5882352941176471
helmet,0.715,160,150,10,0.9375,0.8887842459710525,0.5882352941176471
helmet,0.7168,159,149,10,0.9371069182389937,0.8881086353699289,0.5843137254901961
helmet,0.7185,158,148,10,0.9367088607594937,0.8874247708885051,0.5803921568627451
helmet,0.7202,157,147,10,0.9363057324840764,0.8867325004344941,0.5764705882352941
helmet,0.722,156,146,10,0.9358974358974359,0.8860316681582445,0.5725490196078431
helmet,0.7237,155,146,9,0.9419354838709677,0.8933406283506057,0.5725490196078431
helmet,0.7254,154,145,9,0.9415584415584416,0.8926717495554032,0.5686274509803921
helmet,0.7271,153,144,9,0.9411764705882353,0.8919944328901532,0.5647058823529412
helmet,0.7289,152,143,9,0.9407894736842105,0.8913085177664228,0.5607843137254902
helmet,0.7306,151,142,9,0.9403973509933775,0.8906138394971831,0.5568627450980392
helmet,0.7323,150,142,8,0.9466666666666667,0.8982961216180454,0.5568627450980392
helmet,0.7341,149,141,8,0.9463087248322147,0.8976369864727979,0.5529411764705883
helmet,0.7358,148,140,8,0.9459459459459459,0.89696925602482,0.5490196078431373
helmet,0.7375,147,139,8,0.9455782312925171,0.8962927611287352,0.5450980392156862
helmet,0.7392,146,138,8,0.9452054794520548,0.8956073281741972,0.5411764705882353
helmet,0.741,145,138,7,0.9517241379310345,0.9037099869829122,0.5411764705882353
helmet,0.7427,144,137,7,0.9513888888888888,0.9030643158343583,0.5372549019607843
helmet,0.7444,143,136,7,0.951048951048951,0.9024099307960811,0.5333333333333333
helmet,0.7462,142,135,7,0.9507042253521126,0.901746654347206,0.5294117647058824
helmet,0.7479,141,134,7,0.950354609929078,0.9010743041142573,0.5254901960784314
helmet,0.7496,140,134,6,0.9571428571428572,0.90965615791266,0.5254901960784314
helmet,0.7514,139,133,6,0.9568345323741008,0.9090285840124279,0.5215686274509804
helmet,0.7531,138,132,6,0.9565217391304348,0.9083922334104784,0.5176470588235295
helmet,0.7548,137,131,6,0.9562043795620438,0.9077469207673288,0.5137254901960784
helmet,0.7565,136,130,6,0.9558823529411765,0.9070924554902227,0.5098039215686274
helmet,0.7583,135,130,5,0.9629629629629629,0.9162293656092925,0.5098039215686274
helmet,0.76,134,129,5,0.9626865671641791,0.9156257225126919,0.5058823529411764
helmet,0.7617,133,128,5,0.9624060150375939,0.9150133193356746,0.5019607843137255
helmet,0.7635,132,127,5,0.9621212121212122,0.9143919640569403,0.4980392156862745
helmet,0.7652,131,126,5,0.9618320610687023,0.9137614590036857,0.49411764705882355
helmet,0.7669,130,126,4,0.9692307692307692,0.9235555115015023,0.49411764705882355
helmet,0.7686,129,125,4,0.9689922480620154,0.9229832552530715,0.49019607843137253
helmet,0.7704,128,124,4,0.96875,0.9224023687386392,0.48627450980392156
helmet,0.7721,127,123,4,0.968503937007874,0.9218126552939787,0.4823529411764706
helmet,0.7738,126,122,4,0.9682539682539683,0.9212139122353924,0.47843137254901963
helmet,0.7756,125,122,3,0.976,0.9318110017162228,0.47843137254901963
helmet,0.7773,124,121,3,0.9758064516129032,0.9312798718154085,0.4745098039215686
helmet,0.779,123,120,3,0.975609756097561,0.9307404043771318,0.47058823529411764
helmet,0.7808,122,119,3,0.9754098360655737,0.93019240156411,0.4666666666666667
helmet,0.7825,121,118,3,0.9752066115702479,0.9296356592312203,0.4627450980392157
helmet,0.7842,120,118,2,0.9833333333333333,0.9412640370278411,0.4627450980392157
helmet,0.7859,119,117,2,0.9831932773109243,0.9407871987437626,0.4588235294117647
helmet,0.7877,118,116,2,0.9830508474576272,0.9403025556519603,0.4549019607843137
helmet,0.7894,117,115,2,0.9829059829059829,0.9398099145713432,0.45098039215686275
helmet,0.7911,116,114,2,0.9827586206896551,0.9393090758931745,0.4470588235294118
helmet,0.7929,115,114,1,0.991304347826087,0.9523832736556861,0.4470588235294118
helmet,0.7946,114,113,1,0.9912280701754386,0.9519796532398638,0.44313725490196076
helmet,0.7963,113,112,1,0.9911504424778761,0.9515691320824157,0.4392156862745098
helmet,0.798,112,111,1,0.9910714285714286,0.9511515316911152,0.43529411764705883
helmet,0.7998,111,110,1,0.990990990990991,0.950726667364727,0.43137254901960786
helmet,0.8015,110,110,0,1.0,0.9662560647018359,0.43137254901960786
helmet,0.8032,109,109,0,1.0,0.965957026248675,0.42745098039215684
helmet,0.805,108,108,0,1.0,0.9656526402534428,0.4235294117647059
helmet,0.8067,107,107,0,1.0,0.9653427619812514,0.4196078431372549
helmet,0.8084,106,106,0,1.0,0.9650272414265277,0.41568627450980394
helmet,0.8102,105,105,0,1.0,0.9647059230708901,0.4117647058823529
helmet,0.8119,104,104,0,1.0,0.9643786456275479,0.40784313725490196
helmet,0.8136,103,103,0,1.0,0.9640452417713519,0.403921568627451
helmet,0.8153,102,102,0,1.0,0.963705537853537,0.4
helmet,0.8171,101,101,0,1.0,0.963359353600144,0.396078431372549
helmet,0.8188,100,100,0,1.0,0.9630065017930143,0.39215686274509803
helmet,0.8205,99,99,0,1.0,0.9626467879321727,0.38823529411764707
helmet,0.8223,98,98,0,1.0,0.9622800098783192,0.3843137254901961
helmet,0.824,97,97,0,1.0,0.9619059574740523,0.3803921568627451
helmet,0.8257,96,96,0,1.0,0.9615244121423244,0.3764705882352941
helmet,0.8274,95,95,0,1.0,0.961135146460527,0.37254901960784315
helmet,0.8292,94,94,0,1.0,0.9607379237084551,0.3686274509803922
helmet,0.8309,93,93,0,1.0,0.9603324973882649,0.36470588235294116
helmet,0.8326,92,92,0,1.0,0.9599186107143783,0.3607843137254902
helmet,0.8344,91,91,0,1.0,0.9594959960711199,0.3568627450980392
helmet,0.8361,90,90,0,1.0,0.9590643744356733,0.35294117647058826
helmet,0.8378,89,89,0,1.0,0.9586234547637474,0.34901960784313724
helmet,0.8395,88,88,0,1.0,0.9581729333351077,0.34509803921568627
helmet,0.8413,87,87,0,1.0,0.9577124930558795,0.3411764705882353
helmet,0.843,86,86,0,1.0,0.9572418027142576,0.33725490196078434
helmet,0.8447,85,85,0,1.0,0.9567605161859484,0.3333333333333333
helmet,0.8465,84,84,0,1.0,0.95626827158534,0.32941176470588235
helmet,0.8482,83,83,0,1.0,0.9557646903580262,0.3254901960784314
helmet,0.8499,82,82,0,1.0,0.9552493763098997,0.3215686274509804
helmet,0.8517,81,81,0,1.0,0.9547219145675849,0.3176470588235294
helmet,0.8534,80,80,0,1.0,0.954181870464473,0.3137254901960784
helmet,0.8551,79,79,0,1.0,0.9536287883460772,0.30980392156862746
helmet,0.8568,78,78,0,1.0,0.9530621902878058,0.3058823529411765
helmet,0.8586,77,77,0,1.0,0.9524815747175658,0.30196078431372547
helmet,0.8603,76,76,0,1.0,0.9518864149348628,0.2980392156862745
helmet,0.862,75,75,0,1.0,0.9512761575171942,0.29411764705882354
helmet,0.8638,74,74,0,1.0,0.9506502206036139,0.2901960784313726
helmet,0.8655,73,73,0,1.0,0.950007992044269,0.28627450980392155
helmet,0.8672,72,72,0,1.0,0.9493488274035422,0.2823529411764706
helmet,0.8689,71,71,0,1.0,0.9486720478031097,0.2784313725490196
helmet,0.8707,70,70,0,1.0,0.947976937589733,0.27450980392156865
helmet,0.8724,69,69,0,1.0,0.9472627418109483,0.27058823529411763
helmet,0.8741,68,68,0,1.0,0.9465286634799295,0.26666666666666666
helmet,0.8759,67,67,0,1.0,0.9457738606086983,0.2627450980392157
helmet,0.8776,66,66,0,1.0,0.9449974429864588,0.25882352941176473
helmet,0.8793,65,65,0,1.0,0.9441984686771432,0.2549019607843137
helmet,0.8811,64,64,0,1.0,0.9433759402071946,0.25098039215686274
helmet,0.8828,63,63,0,1.0,0.9425288004111483,0.24705882352941178
helmet,0.8845,62,62,0,1.0,0.9416559278986275,0.24313725490196078
helmet,0.8862,61,61,0,1.0,0.9407561321018872,0.23921568627450981
helmet,0.888,60,60,0,1.0,0.93982814785791,0.23529411764705882
helmet,0.8897,59,59,0,1.0,0.9388706294732116,0.23137254901960785
helmet,0.8914,58,58,0,1.0,0.9378821442127971,0.22745098039215686
helmet,0.8932,57,57,0,1.0,0.9368611651470212,0.2235294117647059
helmet,0.8949,56,56,0,1.0,0.9358060632812366,0.2196078431372549
helmet,0.8966,55,55,0,1.0,0.9347150988829135,0.21568627450980393
helmet,0.8983,54,54,0,1.0,0.9335864119091036,0.21176470588235294
helmet,0.9001,53,53,0,1.0,0.9324180114234583,0.20784313725490197
helmet,0.9018,52,52,0,1.0,0.9312077638761377,0.20392156862745098
helmet,0.9035,51,51,0,1.0,0.9299533801014684,0.2
helmet,0.9053,50,50,0,1.0,0.9286524008666414,0.19607843137254902
helmet,0.907,49,49,0,1.0,0.9273021807795037,0.19215686274509805
helmet,0.9087,48,48,0,1.0,0.9258998703338824,0.18823529411764706
helmet,0.9105,47,47,0,1.0,0.9244423958360036,0.1843137254901961
helmet,0.9122,46,46,0,1.0,0.9229264369144196,0.1803921568627451
helmet,0.9139,45,45,0,1.0,0.9213484012671117,0.17647058823529413
helmet,0.9156,44,44,0,1.0,0.9197043962415193,0.17254901960784313
helmet,0.9174,43,43,0,1.0,0.9179901967742088,0.16862745098039217
helmet,0.9191,42,42,0,1.0,0.916201209134296,0.16470588235294117
helmet,0.9208,41,41,0,1.0,0.9143324298155683,0.1607843137254902
helmet,0.9226,40,40,0,1.0,0.9123783988027133,0.1568627450980392
helmet,0.9243,39,39,0,1.0,0.9103331462924287,0.15294117647058825
helmet,0.926,38,38,0,1.0,0.9081901317744159,0.14901960784313725
helmet,0.9277,37,37,0,1.0,0.9059421741627975,0.1450980392156863
helmet,0.9295,36,36,0,1.0,0.9035813714055363,0.1411764705882353
helmet,0.9312,35,35,0,1.0,0.901099007675596,0.13725490196078433
helmet,0.9329,34,34,0,1.0,0.8984854458466763,0.13333333333333333
helmet,0.9347,33,33,0,1.0,0.8957300024575479,0.12941176470588237
helmet,0.9364,32,32,0,1.0,0.8928208017449295,0.12549019607843137
helmet,0.9381,31,31,0,1.0,0.889744604539564,0.12156862745098039
helmet,0.9398,30,30,0,1.0,0.8864866068260313,0.11764705882352941
helmet,0.9416,29,29,0,1.0,0.8830302015002593,0.11372549019607843
helmet,0.9433,28,28,0,1.0,0.8793566952341545,0.10980392156862745
helmet,0.945,27,27,0,1.0,0.8754449702581331,0.10588235294117647
helmet,0.9468,26,26,0,1.0,0.8712710781407849,0.10196078431372549
helmet,0.9485,25,25,0,1.0,0.8668077490609516,0.09803921568627451
helmet,0.9502,24,24,0,1.0,0.8620237953250198,0.09411764705882353
helmet,0.952,23,23,0,1.0,0.8568833815495732,0.09019607843137255
helmet,0.9537,22,22,0,1.0,0.8513451253913792,0.08627450980392157
helmet,0.9554,21,21,0,1.0,0.8453609810751531,0.08235294117647059
helmet,0.9571,20,20,0,1.0,0.8388748419471806,0.0784313725490196
helmet,0.9589,19,19,0,1.0,0.8318207759473837,0.07450980392156863
helmet,0.9606,18,18,0,1.0,0.8241207763533424,0.07058823529411765
helmet,0.9623,17,17,0,1.0,0.8156818649911481,0.06666666666666667
helmet,0.9641,16,16,0,1.0,0.8063923194655637,0.06274509803921569
helmet,0.9658,15,15,0,1.0,0.7961166989641514,0.058823529411764705
helmet,0.9675,14,14,0,1.0,0.7846891972623643,0.054901960784313725
helmet,0.9692,13,13,0,1.0,0.7719046276458016,0.050980392156862744
helmet,0.971,12,12,0,1.0,0.7575059933447592,0.047058823529411764
helmet,0.9727,11,11,0,1.0,0.7411670330319684,0.043137254901960784
helmet,0.9744,10,10,0,1.0,0.7224672001371109,0.0392156862745098
helmet,0.9762,9,9,0,1.0,0.7008549515804561,0.03529411764705882
helmet,0.9779,8,8,0,1.0,0.6755924351161198,0.03137254901960784
helmet,0.9796,7,7,0,1.0,0.6456695649333126,0.027450980392156862
helmet,0.9814,6,6,0,1.0,0.6096657120978348,0.023529411764705882
helmet,0.9831,5,5,0,1.0,0.5655175352168254,0.0196078431372549
helmet,0.9848,4,4,0,1.0,0.5101091635454028,0.01568627450980392
helmet,0.9865,3,3,0,1.0,0.43850296824495466,0.011764705882352941
helmet,0.9883,2,2,0,1.0,0.3423802275066532,0.00784313725490196
helmet,0.99,1,1,0,1.0,0.2065493143772375,0.00392156862745098
person,0.3,400,267,133,0.6675,0.6199313395835853,1.0
person,0.3017,399,266,133,0.6666666666666666,0.6190163408699028,0.9962546816479401
person,0.3035,398,266,132,0.6683417085427136,0.620671709057349,0.9962546816479401
person,0.3052,397,266,131,0.6700251889168766,0.6223362074288775,0.9962546816479401
person,0.3069,396,266,130,0.6717171717171717,0.6240099155399842,0.9962546816479401
person,0.3086,395,266,129,0.6734177215189874,0.625692913953022,0.9962546816479401
person,0.3104,394,266,128,0.6751269035532995,0.6273852842553089,0.9962546816479401
person,0.3121,393,266,127,0.6768447837150128,0.6290871090776953,0.9962546816479401
person,0.3138,392,266,126,0.6785714285714286,0.630798472113605,0.9962546816479401
person,0.3156,391,265,126,0.6777493606138107,0.6298910657673339,0.9925093632958801
person,0.3173,390,265,125,0.6794871794871795,0.6316138926010734,0.9925093632958801
person,0.319,389,265,124,0.6812339331619537,0.6333464618477852,0.9925093632958801
person,0.3208,388,265,123,0.6829896907216495,0.6350888609890701,0.9925093632958801
person,0.3225,387,265,122,0.6847545219638242,0.6368411786583378,0.9925093632958801
person,0.3242,386,265,121,0.6865284974093264,0.6386035046626513,0.9925093632958801
person,0.3259,385,265,120,0.6883116883116883,0.6403759300051601,0.9925093632958801
person,0.3277,384,265,119,0.6901041666666666,0.6421585469081489,0.9925093632958801
person,0.3294,383,264,119,0.6892950391644909,0.6412602812508119,0.9887640449438202
person,0.3311,382,264,118,0.6910994764397905,0.6430552673555051,0.9887640449438202
person,0.3329,381,264,117,0.6929133858267716,0.644860670482652,0.9887640449438202
person,0.3346,380,264,116,0.6947368421052632,0.6466765872014566,0.9887640449438202
person,0.3363,379,264,115,0.6965699208443272,0.6485031154083485,0.9887640449438202
person,0.338,378,264,114,0.6984126984126984,0.6503403543536602,0.9887640449438202
person,0.3398,377,264,113,0.7002652519893899,0.6521884046690825,0.9887640449438202
person,0.3415,376,264,112,0.7021276595744681,0.654047368395922,0.9887640449438202
person,0.3432,375,263,112,0.7013333333333334,0.653159984184378,0.9850187265917603
person,0.345,374,263,111,0.7032085561497327,0.6550323209816143,0.9850187265917603
person,0.3467,373,263,110,0.7050938337801609,0.6569158211079297,0.9850187265917603
person,0.3484,372,263,109,0.706989247311828,0.6588105916306116,0.9850187265917603
person,0.3502,371,263,108,0.7088948787061995,0.66071674115924,0.9850187265917603
person,0.3519,370,263,107,0.7108108108108108,0.6626343798787451,0.9850187265917603
person,0.3536,369,263,106,0.7127371273712737,0.664563619583505,0.9850187265917603
person,0.3553,368,263,105,0.7146739130434783,0.6665045737125244,0.9850187265917603
person,0.3571,367,262,105,0.7138964577656676,0.6656300313888781,0.9812734082397003
person,0.3588,366,262,104,0.7158469945355191,0.6675854759043895,0.9812734082397003
person,0.3605,365,262,103,0.7178082191780822,0.6695529131088835,0.9812734082397003
person,0.3623,364,262,102,0.7197802197802198,0.6715324623042062,0.9812734082397003
person,0.364,363,262,101,0.721763085399449,0.6735242446022287,0.9812734082397003
person,0.3657,362,262,100,0.7237569060773481,0.6755283829665109,0.9812734082397003
person,0.3674,361,262,99,0.7257617728531855,0.6775450022553874,0.9812734082397003
person,0.3692,360,262,98,0.7277777777777777,0.6795742292665456,0.9812734082397003
person,0.3709,359,261,98,0.7270194986072424,0.6787147409504494,0.9775280898876404
person,0.3726,358,261,97,0.729050279329609,0.6807597073690909,0.9775280898876404
person,0.3744,357,261,96,0.7310924369747899,0.6828175929335435,0.9775280898876404
person,0.3761,356,261,95,0.7331460674157303,0.6848885313527736,0.9775280898876404
person,0.3778,355,261,94,0.7352112676056338,0.6869726584851058,0.9775280898876404
person,0.3795,354,261,93,0.7372881355932204,0.689070112391791,0.9775280898876404
person,0.3813,353,261,92,0.7393767705382436,0.6911810333925764,0.9775280898876404
person,0.383,352,261,91,0.7414772727272727,0.693305564123388,0.9775280898876404
person,0.3847,351,260,91,0.7407407407407407,0.6924636314017845,0.9737827715355806
person,0.3865,350,260,90,0.7428571428571429,0.6946053048432254,0.9737827715355806
person,0.3882,349,260,89,0.7449856733524355,0.6967609386508626,0.9737827715355806
person,0.3899,348,260,88,0.7471264367816092,0.6989306837113889,0.9737827715355806
person,0.3917,347,260,87,0.7492795389048992,0.701114693500201,0.9737827715355806
person,0.3934,346,260,86,0.7514450867052023,0.7033131241519226,0.9737827715355806
person,0.3951,345,260,85,0.7536231884057971,0.705526134533841,0.9737827715355806
person,0.3968,344,260,84,0.7558139534883721,0.7077538863224261,0.9737827715355806
person,0.3986,343,259,84,0.7551020408163265,0.7069323452048094,0.9700374531835206
person,0.4003,342,259,83,0.7573099415204678,0.7091788257074454,0.9700374531835206
person,0.402,341,259,82,0.7595307917888563,0.7114404452425929,0.9700374531835206
person,0.4038,340,259,81,0.7617647058823529,0.7137173754895529,0.9700374531835206
person,0.4055,339,259,80,0.7640117994100295,0.7160097912998445,0.9700374531835206
person,0.4072,338,259,79,0.7662721893491125,0.7183178707927166,0.9700374531835206
person,0.4089,337,259,78,0.7685459940652819,0.7206417954550574,0.9700374531835206
person,0.4107,336,259,77,0.7708333333333334,0.7229817502459827,0.9700374531835206
person,0.4124,335,258,77,0.7701492537313432,0.7221838250945128,0.9662921348314607
person,0.4141,334,258,76,0.7724550898203593,0.7245443138551099,0.9662921348314607
person,0.4159,333,258,75,0.7747747747747747,0.7269212876066691,0.9662921348314607
person,0.4176,332,258,74,0.7771084337349398,0.7293149436690559,0.9662921348314607
person,0.4193,331,258,73,0.7794561933534743,0.7317254833335027,0.9662921348314607
person,0.4211,330,258,72,0.7818181818181819,0.7341531119964573,0.9662921348314607
person,0.4228,329,258,71,0.78419452887538,0.7365980393003637,0.9662921348314607
person,0.4245,328,258,70,0.7865853658536586,0.7390604792818695,0.9662921348314607
person,0.4262,327,257,70,0.7859327217125383,0.7382898481680978,0.9625468164794008
person,0.428,326,257,69,0.7883435582822086,0.7407748949124281,0.9625468164794008
person,0.4297,325,257,68,0.7907692307692308,0.7432779803595844,0.9625468164794008
person,0.4314,324,257,67,0.7932098765432098,0.7457993341925121,0.9625468164794008
person,0.4332,323,257,66,0.7956656346749226,0.7483391912015868,0.9625468164794008
person,0.4349,322,257,65,0.7981366459627329,0.7508977914801362,0.9625468164794008
person,0.4366,321,257,64,0.8006230529595015,0.7534753806314756,0.9625468164794008
person,0.4383,320,257,63,0.803125,0.7560722099883632,0.9625468164794008
person,0.4401,319,256,63,0.8025078369905956,0.755333084900776,0.9588014981273408
person,0.4418,318,256,62,0.8050314465408805,0.7579549272961442,0.9588014981273408
person,0.4435,317,256,61,0.807570977917981,0.7605966267520854,0.9588014981273408
person,0.4453,316,256,60,0.810126582278481,0.7632584550261481,0.9588014981273408
person,0.447,315,256,59,0.8126984126984127,0.7659406906739319,0.9588014981273408
person,0.4487,314,256,58,0.8152866242038217,0.7686436193496516,0.9588014981273408
person,0.4505,313,256,57,0.8178913738019169,0.7713675341270353,0.9588014981273408
person,0.4522,312,256,56,0.8205128205128205,0.7741127358423949,0.9588014981273408
person,0.4539,311,255,56,0.819935691318328,0.7734099627127041,0.9550561797752809
person,0.4556,310,255,55,0.8225806451612904,0.7761830111512666,0.9550561797752809
person,0.4574,309,255,54,0.8252427184466019,0.7789780833492633,0.9550561797752809
person,0.4591,308,255,53,0.827922077922078,0.7817955078983526,0.9550561797752809
person,0.4608,307,255,52,0.8306188925081434,0.7846356228511571,0.9550561797752809
person,0.4626,306,255,51,0.8333333333333334,0.7874987762136044,0.9550561797752809
person,0.4643,305,255,50,0.8360655737704918,0.7903853264760636,0.9550561797752809
person,0.466,304,255,49,0.8388157894736842,0.7932956431873152,0.9550561797752809
person,0.4677,303,254,49,0.8382838283828383,0.7926348293009295,0.951310861423221
person,0.4695,302,254,48,0.8410596026490066,0.7955763949736644,0.951310861423221
person,0.4712,301,254,47,0.8438538205980066,0.7985426297430093,0.951310861423221
person,0.4729,300,254,46,0.8466666666666667,0.8015339429418983,0.951310861423221
person,0.4747,299,254,45,0.8494983277591973,0.8045507578702494,0.951310861423221
person,0.4764,298,254,44,0.8523489932885906,0.8075935126692187,0.951310861423221
person,0.4781,297,254,43,0.8552188552188552,0.8106626612770296,0.951310861423221
person,0.4798,296,254,42,0.8581081081081081,0.8137586744763253,0.951310861423221
person,0.4816,295,253,42,0.8576271186440678,0.8131463555289118,0.947565543071161
person,0.4833,294,253,41,0.8605442176870748,0.8162778157938889,0.947565543071161
person,0.485,293,253,40,0.863481228668942,0.8194372871430787,0.947565543071161
person,0.4868,292,253,39,0.8664383561643836,0.8226253016687881,0.947565543071161
person,0.4885,291,253,38,0.8694158075601375,0.8258424137949419,0.947565543071161
person,0.4902,290,253,37,0.8724137931034482,0.8290892020021231,0.947565543071161
person,0.492,289,253,36,0.8754325259515571,0.8323662707474352,0.947565543071161
person,0.4937,288,253,35,0.8784722222222222,0.8356742526077063,0.947565543071161
person,0.4954,287,252,35,0.8780487804878049,0.8351181209611703,0.9438202247191011
person,0.4971,286,252,34,0.8811188811188811,0.8384669449153125,0.9438202247191011
person,0.4989,285,252,33,0.8842105263157894,0.8418482193527205,0.9438202247191011
person,0.5006,284,252,32,0.8873239436619719,0.8452626813749036,0.9438202247191011
person,0.5023,283,251,32,0.8869257950530035,0.8447312638373345,0.9400749063670412
person,0.5041,282,250,32,0.8865248226950354,0.8441961869857539,0.9363295880149812
person,0.5058,281,249,32,0.8861209964412812,0.8436574129314429,0.9325842696629213
person,0.5075,280,248,32,0.8857142857142857,0.8431149032613933,0.9288389513108615
person,0.5092,279,248,31,0.8888888888888888,0.8466031251504333,0.9288389513108615
person,0.511,278,247,31,0.8884892086330936,0.8460669270813865,0.9250936329588015
person,0.5127,277,246,31,0.8880866425992779,0.845526970744253,0.9213483146067416
person,0.5144,276,245,31,0.8876811594202898,0.8449832165268824,0.9176029962546817
person,0.5162,275,244,31,0.8872727272727273,0.8444356242591015,0.9138576779026217
person,0.5179,274,244,30,0.8905109489051095,0.8480009143929628,0.9138576779026217
person,0.5196,273,243,30,0.8901098901098901,0.8474599637992802,0.9101123595505618
person,0.5214,272,242,30,0.8897058823529411,0.8469151525588914,0.9063670411985019
person,0.5231,271,241,30,0.8892988929889298,0.8463664392361911,0.9026217228464419
person,0.5248,270,240,30,0.8888888888888888,0.84581378180114,0.898876404494382
person,0.5265,269,240,29,0.8921933085501859,0.8494596819391704,0.898876404494382
person,0.5283,268,239,29,0.8917910447761194,0.8489140213575143,0.8951310861423221
person,0.53,267,238,29,0.8913857677902621,0.848364394238452,0.8913857677902621
person,0.5317,266,237,29,0.8909774436090225,0.8478107572163117,0.8876404494382022
person,0.5335,265,236,29,0.8905660377358491,0.8472530662916499,0.8838951310861424
person,0.5352,264,236,28,0.8939393939393939,0.850983374800598,0.8838951310861424
person,0.5369,263,235,28,0.8935361216730038,0.8504330635401413,0.8801498127340824
person,0.5386,262,234,28,0.8931297709923665,0.8498786762616742,0.8764044943820225
person,0.5404,261,233,28,0.89272030651341,0.8493201675558568,0.8726591760299626
person,0.5421,260,232,28,0.8923076923076924,0.8487574913370423,0.8689138576779026
person,0.5438,259,232,27,0.8957528957528957,0.8525762894997855,0.8689138576779026
person,0.5456,258,231,27,0.8953488372093024,0.8520214062328004,0.8651685393258427
person,0.5473,257,230,27,0.8949416342412452,0.8514623338127147,0.8614232209737828
person,0.549,256,229,27,0.89453125,0.850899024665532,0.8576779026217228
person,0.5508,255,228,27,0.8941176470588236,0.8503314304949166,0.8539325842696629
person,0.5525,254,228,26,0.8976377952755905,0.8542431124290897,0.8539325842696629
person,0.5542,253,227,26,0.8972332015810277,0.8536837581896993,0.850187265917603
person,0.5559,252,226,26,0.8968253968253969,0.8531200979607043,0.846441947565543
person,0.5577,251,225,26,0.896414342629482,0.852552081874689,0.8426966292134831
person,0.5594,250,224,26,0.896,0.851979659292039,0.8389513108614233
person,0.5611,249,224,25,0.8995983935742972,0.8559889661190702,0.8389513108614233
person,0.5629,248,223,25,0.8991935483870968,0.8554252677823853,0.8352059925093633
person,0.5646,247,222,25,0.8987854251012146,0.8548571428944115,0.8314606741573034
person,0.5663,246,221,25,0.8983739837398373,0.8542845391574146,0.8277153558052435
person,0.568,245,220,25,0.8979591836734694,0.8537074034474115,0.8239700374531835
person,0.5698,244,220,24,0.9016393442622951,0.8578194624957489,0.8239700374531835
person,0.5715,243,219,24,0.9012345679012346,0.8572515768243059,0.8202247191011236
person,0.5732,242,218,24,0.9008264462809917,0.8566791403209828,0.8164794007490637
person,0.575,241,217,24,0.9004149377593361,0.8561020981123714,0.8127340823970037
person,0.5767,240,216,24,0.9,0.8555203944401757,0.8089887640449438
person,0.5784,239,216,23,0.9037656903765691,0.8597407644493467,0.8089887640449438
person,0.5802,238,215,23,0.9033613445378151,0.8591688828119179,0.8052434456928839
person,0.5819,237,214,23,0.9029535864978903,0.8585923223880217,0.8014981273408239
person,0.5836,236,213,23,0.902542372881356,0.858011025574516,0.797752808988764
person,0.5853,235,212,23,0.902127659574468,0.8574249338197084,0.7940074906367042
person,0.5871,234,212,22,0.905982905982906,0.8617596573474874,0.7940074906367042
person,0.5888,233,211,22,0.9055793991416309,0.8611840112379091,0.7902621722846442
person,0.5905,232,210,22,0.9051724137931034,0.8606035548075932,0.7865168539325843
person,0.5923,231,209,22,0.9047619047619048,0.8600182275607594,0.7827715355805244
person,0.594,230,208,22,0.9043478260869565,0.8594279679839137,0.7790262172284644
person,0.5957,229,208,21,0.9082969432314411,0.8638836325258009,0.7790262172284644
person,0.5974,228,207,21,0.9078947368421053,0.8633045000377063,0.7752808988764045
person,0.5992,227,206,21,0.9074889867841409,0.8627204222721452,0.7715355805243446
person,0.6009,226,205,21,0.9070796460176991,0.8621313356689642,0.7677902621722846
person,0.6026,225,204,21,0.9066666666666666,0.8615371755751127,0.7640449438202247
person,0.6044,224,204,20,0.9107142857142857,0.8661209853097532,0.7640449438202247
person,0.6061,223,203,20,0.9103139013452914,0.8655386987587014,0.7602996254681648
person,0.6078,222,202,20,0.9099099099099099,0.8649513287881188,0.7565543071161048
person,0.6095,221,201,20,0.9095022624434389,0.86435880859315,0.7528089887640449
person,0.6113,220,200,20,0.9090909090909091,0.8637610701942766,0.7490636704119851
person,0.613,219,200,19,0.91324200913242,0.8684809308081257,0.7490636704119851
person,0.6147,218,199,19,0.9128440366972477,0.8678958857378263,0.7453183520599251
person,0.6165,217,198,19,0.9124423963133641,0.8673056162590543,0.7415730337078652
person,0.6182,216,197,19,0.9120370370370371,0.866710052133879,0.7378277153558053
person,0.6199,215,196,19,0.9116279069767442,0.8661091218607538,0.7340823970037453
person,0.6217,214,196,18,0.9158878504672897,0.8709737416354516,0.7340823970037453
person,0.6234,213,195,18,0.9154929577464789,0.8703864075027176,0.7303370786516854
person,0.6251,212,194,18,0.9150943396226415,0.8697937055926274,0.7265917602996255
person,0.6268,211,193,18,0.9146919431279621,0.8691955620387426,0.7228464419475655
person,0.6286,210,192,18,0.9142857142857143,0.8685919016142225,0.7191011235955056
person,0.6303,209,192,17,0.9186602870813397,0.8736109129630798,0.7191011235955056
person,0.632,208,191,17,0.9182692307692307,0.8730218458710762,0.7153558052434457
person,0.6338,207,190,17,0.9178743961352657,0.8724272658828262,0.7116104868913857
person,0.6355,206,189,17,0.9174757281553398,0.871827095302475,0.7078651685393258
person,0.6372,205,188,17,0.9170731707317074,0.8712212549684683,0.704119850187266
person,0.6389,204,188,16,0.9215686274509803,0.8764053620091886,0.704119850187266
person,0.6407,203,187,16,0.9211822660098522,0.8758152199565495,0.700374531835206
person,0.6424,202,186,16,0.9207920792079208,0.8752194189758099,0.6966292134831461
person,0.6441,201,185,16,0.9203980099502488,0.8746178773377289,0.6928838951310862
person,0.6459,200,184,16,0.92,0.8740105117328562,0.6891385767790262
person,0.6476,199,184,15,0.9246231155778895,0.879371671476229,0.6891385767790262
person,0.6493,198,183,15,0.9242424242424242,0.8787812327193385,0.6853932584269663
person,0.6511,197,182,15,0.9238578680203046,0.8781849891903687,0.6816479400749064
person,0.6528,196,181,15,0.923469387755102,0.8775828549232167,0.6779026217228464
person,0.6545,195,180,15,0.9230769230769231,0.8769747422471443,0.6741573033707865
person,0.6562,194,180,14,0.9278350515463918,0.8825263898743576,0.6741573033707865
person,0.658,193,179,14,0.927461139896373,0.8819365751742537,0.6704119850187266
person,0.6597,192,178,14,0.9270833333333334,0.8813408114839217,0.6666666666666666
person,0.6614,191,177,14,0.9267015706806283,0.8807390084025406,0.6629213483146067
person,0.6632,190,176,14,0.9263157894736842,0.8801310736896368,0.6591760299625468
person,0.6649,189,176,13,0.9312169312169312,0.8858884066874252,0.6591760299625468
person,0.6666,188,175,13,0.9308510638297872,0.8853003064503525,0.6554307116104869
person,0.6683,187,174,13,0.93048128342246,0.8847061165013425,0.651685393258427
person,0.6701,186,173,13,0.9301075268817204,0.8841057418199169,0.6479400749063671
person,0.6718,185,172,13,0.9297297297297298,0.8834990853997409,0.6441947565543071
person,0.6735,184,172,12,0.9347826086956522,0.8894794278682915,0.6441947565543071
person,0.6753,183,171,12,0.9344262295081968,0.8888943355191168,0.6404494382022472
person,0.677,182,170,12,0.9340659340659341,0.8883030186615747,0.6367041198501873
person,0.6787,181,169,12,0.9337016574585635,0.8877053774938177,0.6329588014981273
person,0.6805,180,168,12,0.9333333333333333,0.8871013100703047,0.6292134831460674
person,0.6822,179,168,11,0.9385474860335196,0.8933245887815037,0.6292134831460674
person,0.6839,178,167,11,0.9382022471910112,0.8927440421782475,0.6254681647940075
person,0.6856,177,166,11,0.9378531073446328,0.8921571453492733,0.6217228464419475
person,0.6874,176,165,11,0.9375,0.8915637935873922,0.6179775280898876
person,0.6891,175,164,11,0.9371428571428572,0.8909638798720759,0.6142322097378277
person,0.6908,174,164,10,0.9425287356321839,0.8974532602794338,0.6142322097378277
person,0.6926,173,163,10,0.9421965317919075,0.8968790936609141,0.6104868913857678
person,0.6943,172,162,10,0.9418604651162791,0.8962984642812157,0.6067415730337079
person,0.696,171,161,10,0.9415204678362573,0.8957112624620096,0.602996254681648
person,0.6977,170,160,10,0.9411764705882353,0.8951173760304343,0.599250936329588
person,0.6995,169,160,9,0.9467455621301775,0.9019001343859232,0.599250936329588
person,0.7012,168,159,9,0.9464285714285714,0.9013345443725482,0.5955056179775281
person,0.7029,167,158,9,0.9461077844311377,0.9007623976017166,0.5917602996254682
person,0.7047,166,157,9,0.9457831325301205,0.9001835794451793,0.5880149812734082
person,0.7064,165,156,9,0.9454545454545454,0.8995979725883818,0.5842696629213483
person,0.7081,164,156,8,0.9512195121951219,0.9067067294106304,0.5842696629213483
person,0.7098,163,155,8,0.950920245398773,0.9061523601829166,0.5805243445692884
person,0.7116,162,154,8,0.9506172839506173,0.9055913657763843,0.5767790262172284
person,0.7133,161,153,8,0.9503105590062112,0.9050236267620835,0.5730337078651685
person,0.715,160,152,8,0.95,0.9044490208244799,0.5692883895131086
person,0.7168,159,152,7,0.9559748427672956,0.9119235516718517,0.5692883895131086
person,0.7185,158,151,7,0.9556962025316456,0.9113836070723899,0.5655430711610487
person,0.7202,157,150,7,0.9554140127388535,0.9108370037635882,0.5617977528089888
person,0.722,156,149,7,0.9551282051282052,0.9102836178517977,0.5580524344569289
person,0.7237,155,148,7,0.9548387096774194,0.9097233223518046,0.5543071161048689
person,0.7254,154,148,6,0.961038961038961,0.9176133399821844,0.5543071161048689
person,0.7271,153,147,6,0.9607843137254902,0.9170917348166654,0.550561797752809
person,0.7289,152,146,6,0.9605263157894737,0.9165634847775233,0.5468164794007491
person,0.7306,151,145,6,0.9602649006622517,0.91602846211471,0.5430711610486891
person,0.7323,150,144,6,0.96,0.915486535783444,0.5393258426966292
person,0.7341,149,144,5,0.9664429530201343,0.9238562145096428,0.5393258426966292
person,0.7358,148,143,5,0.9662162162162162,0.9233577857231484,0.5355805243445693
person,0.7375,147,142,5,0.9659863945578231,0.9228527902356297,0.5318352059925093
person,0.7392,146,141,5,0.9657534246575342,0.9223410974481713,0.5280898876404494
person,0.741,145,140,5,0.9655172413793104,0.9218225732765694,0.5243445692883895
person,0.7427,144,140,4,0.9722222222222222,0.9307584606546527,0.5243445692883895
person,0.7444,143,139,4,0.972027972027972,0.9302892761050674,0.5205992509363296
person,0.7462,142,138,4,0.971830985915493,0.9298136909719413,0.5168539325842697
person,0.7479,141,137,4,0.9716312056737588,0.9293315734082841,0.5131086142322098
person,0.7496,140,136,4,0.9714285714285714,0.9288427879216012,0.5093632958801498
person,0.7514,139,136,3,0.9784172661870504,0.9384690385323257,0.5093632958801498
person,0.7531,138,135,3,0.9782608695652174,0.9380368800052548,0.5056179775280899
person,0.7548,137,134,3,0.9781021897810219,0.9375986089189676,0.50187265917603
person,0.7565,136,133,3,0.9779411764705882,0.9371540946825863,0.49812734082397003
person,0.7583,135,132,3,0.9777777777777777,0.936703202959147,0.4943820224719101
person,0.76,134,132,2,0.9850746268656716,0.9472151438236477,0.4943820224719101
person,0.7617,133,131,2,0.9849624060150376,0.9468303454594498,0.49063670411985016
person,0.7635,132,130,2,0.9848484848484849,0.9464398960595944,0.4868913857677903
person,0.7652,131,129,2,0.9847328244274809,0.9460436702302103,0.48314606741573035
person,0.7669,130,128,2,0.9846153846153847,0.9456415388402218,0.4794007490636704
person,0.7686,129,128,1,0.9922480620155039,0.9573965598582398,0.4794007490636704
person,0.7704,128,127,1,0.9921875,0.9570737405611394,0.4756554307116105
person,0.7721,127,126,1,0.9921259842519685,0.9567459918704178,0.47191011235955055
person,0.7738,126,125,1,0.9920634920634921,0.9564132000148392,0.4681647940074906
person,0.7756,125,124,1,0.992,0.956075247695005,0.46441947565543074
person,0.7773,124,124,0,1.0,0.9699513846593222,0.46441947565543074
person,0.779,123,123,0,1.0,0.9697144856546903,0.4606741573033708
person,0.7808,122,122,0,1.0,0.9694738216109872,0.45692883895131087
person,0.7825,121,121,0,1.0,0.9692293020525218,0.45318352059925093
person,0.7842,120,120,0,1.0,0.9689808335812966,0.449438202247191
person,0.7859,119,119,0,1.0,0.9687283197580606,0.44569288389513106
person,0.7877,118,118,0,1.0,0.9684716609775057,0.4419475655430712
person,0.7894,117,117,0,1.0,0.9682107543372667,0.43820224719101125
person,0.7911,116,116,0,1.0,0.9679454935003613,0.4344569288389513
person,0.7929,115,115,0,1.0,0.9676757685506868,0.4307116104868914
person,0.7946,114,114,0,1.0,0.9674014658411585,0.42696629213483145
person,0.7963,113,113,0,1.0,0.967122467834048,0.4232209737827715
person,0.798,112,112,0,1.0,0.9668386529330562,0.41947565543071164
person,0.7998,111,111,0,1.0,0.9665498953066077,0.4157303370786517
person,0.8015,110,110,0,1.0,0.9662560647018359,0.41198501872659177
person,0.8032,109,109,0,1.0,0.965957026248675,0.40823970037453183
person,0.805,108,108,0,1.0,0.9656526402534428,0.4044943820224719
person,0.8067,107,107,0,1.0,0.9653427619812514,0.40074906367041196
person,0.8084,106,106,0,1.0,0.9650272414265277,0.3970037453183521
person,0.8102,105,105,0,1.0,0.9647059230708901,0.39325842696629215
person,0.8119,104,104,0,1.0,0.9643786456275479,0.3895131086142322
person,0.8136,103,103,0,1.0,0.9640452417713519,0.3857677902621723
person,0.8153,102,102,0,1.0,0.963705537853537,0.38202247191011235
person,0.8171,101,101,0,1.0,0.963359353600144,0.3782771535580524
person,0.8188,100,100,0,1.0,0.9630065017930143,0.37453183520599254
person,0.8205,99,99,0,1.0,0.9626467879321727,0.3707865168539326
person,0.8223,98,98,0,1.0,0.9622800098783192,0.36704119850187267
person,0.824,97,97,0,1.0,0.9619059574740523,0.36329588014981273
person,0.8257,96,96,0,1.0,0.9615244121423244,0.3595505617977528
person,0.8274,95,95,0,1.0,0.961135146460527,0.35580524344569286
person,0.8292,94,94,0,1.0,0.9607379237084551,0.352059925093633
person,0.8309,93,93,0,1.0,0.9603324973882649,0.34831460674157305
person,0.8326,92,92,0,1.0,0.9599186107143783,0.3445692883895131
person,0.8344,91,91,0,1.0,0.9594959960711199,0.3408239700374532
person,0.8361,90,90,0,1.0,0.9590643744356733,0.33707865168539325
person,0.8378,89,89,0,1.0,0.9586234547637474,0.3333333333333333
person,0.8395,88,88,0,1.0,0.9581729333351077,0.3295880149812734
person,0.8413,87,87,0,1.0,0.9577124930558795,0.3258426966292135
person,0.843,86,86,0,1.0,0.9572418027142576,0.32209737827715357
person,0.8447,85,85,0,1.0,0.9567605161859484,0.31835205992509363
person,0.8465,84,84,0,1.0,0.95626827158534,0.3146067415730337
person,0.8482,83,83,0,1.0,0.9557646903580262,0.31086142322097376
person,0.8499,82,82,0,1.0,0.9552493763098997,0.30711610486891383
person,0.8517,81,81,0,1.0,0.9547219145675849,0.30337078651685395
person,0.8534,80,80,0,1.0,0.954181870464473,0.299625468164794
person,0.8551,79,79,0,1.0,0.9536287883460772,0.2958801498127341
person,0.8568,78,78,0,1.0,0.9530621902878058,0.29213483146067415
person,0.8586,77,77,0,1.0,0.9524815747175658,0.2883895131086142
person,0.8603,76,76,0,1.0,0.9518864149348628,0.2846441947565543
person,0.862,75,75,0,1.0,0.9512761575171942,0.2808988764044944
person,0.8638,74,74,0,1.0,0.9506502206036139,0.27715355805243447
person,0.8655,73,73,0,1.0,0.950007992044269,0.27340823970037453
person,0.8672,72,72,0,1.0,0.9493488274035422,0.2696629213483146
person,0.8689,71,71,0,1.0,0.9486720478031097,0.26591760299625467
person,0.8707,70,70,0,1.0,0.947976937589733,0.26217228464419473
person,0.8724,69,69,0,1.0,0.9472627418109483,0.25842696629213485
person,0.8741,68,68,0,1.0,0.9465286634799295,0.2546816479400749
person,0.8759,67,67,0,1.0,0.9457738606086983,0.250936329588015
person,0.8776,66,66,0,1.0,0.9449974429864588,0.24719101123595505
person,0.8793,65,65,0,1.0,0.9441984686771432,0.24344569288389514
person,0.8811,64,64,0,1.0,0.9433759402071946,0.2397003745318352
person,0.8828,63,63,0,1.0,0.9425288004111483,0.23595505617977527
person,0.8845,62,62,0,1.0,0.9416559278986275,0.23220973782771537
person,0.8862,61,61,0,1.0,0.9407561321018872,0.22846441947565543
person,0.888,60,60,0,1.0,0.93982814785791,0.2247191011235955
person,0.8897,59,59,0,1.0,0.9388706294732116,0.2209737827715356
person,0.8914,58,58,0,1.0,0.9378821442127971,0.21722846441947566
person,0.8932,57,57,0,1.0,0.9368611651470212,0.21348314606741572
person,0.8949,56,56,0,1.0,0.9358060632812366,0.20973782771535582
person,0.8966,55,55,0,1.0,0.9347150988829135,0.20599250936329588
person,0.8983,54,54,0,1.0,0.9335864119091036,0.20224719101123595
person,0.9001,53,53,0,1.0,0.9324180114234583,0.19850187265917604
person,0.9018,52,52,0,1.0,0.9312077638761377,0.1947565543071161
person,0.9035,51,51,0,1.0,0.9299533801014684,0.19101123595505617
person,0.9053,50,50,0,1.0,0.9286524008666414,0.18726591760299627
person,0.907,49,49,0,1.0,0.9273021807795037,0.18352059925093633
person,0.9087,48,48,0,1.0,0.9258998703338824,0.1797752808988764
person,0.9105,47,47,0,1.0,0.9244423958360036,0.1760299625468165
person,0.9122,46,46,0,1.0,0.9229264369144196,0.17228464419475656
person,0.9139,45,45,0,1.0,0.9213484012671117,0.16853932584269662
person,0.9156,44,44,0,1.0,0.9197043962415193,0.1647940074906367
person,0.9174,43,43,0,1.0,0.9179901967742088,0.16104868913857678
person,0.9191,42,42,0,1.0,0.916201209134296,0.15730337078651685
person,0.9208,41,41,0,1.0,0.9143324298155683,0.15355805243445692
person,0.9226,40,40,0,1.0,0.9123783988027133,0.149812734082397
person,0.9243,39,39,0,1.0,0.9103331462924287,0.14606741573033707
person,0.926,38,38,0,1.0,0.9081901317744159,0.14232209737827714
person,0.9277,37,37,0,1.0,0.9059421741627975,0.13857677902621723
person,0.9295,36,36,0,1.0,0.9035813714055363,0.1348314606741573
person,0.9312,35,35,0,1.0,0.901099007675596,0.13108614232209737
person,0.9329,34,34,0,1.0,0.8984854458466763,0.12734082397003746
person,0.9347,33,33,0,1.0,0.8957300024575479,0.12359550561797752
person,0.9364,32,32,0,1.0,0.8928208017449295,0.1198501872659176
person,0.9381,31,31,0,1.0,0.889744604539564,0.11610486891385768
person,0.9398,30,30,0,1.0,0.8864866068260313,0.11235955056179775
person,0.9416,29,29,0,1.0,0.8830302015002593,0.10861423220973783
person,0.9433,28,28,0,1.0,0.8793566952341545,0.10486891385767791
person,0.945,27,27,0,1.0,0.8754449702581331,0.10112359550561797
person,0.9468,26,26,0,1.0,0.8712710781407849,0.09737827715355805
person,0.9485,25,25,0,1.0,0.8668077490609516,0.09363295880149813
person,0.9502,24,24,0,1.0,0.8620237953250198,0.0898876404494382
person,0.952,23,23,0,1.0,0.8568833815495732,0.08614232209737828
person,0.9537,22,22,0,1.0,0.8513451253913792,0.08239700374531835
person,0.9554,21,21,0,1.0,0.8453609810751531,0.07865168539325842
person,0.9571,20,20,0,1.0,0.8388748419471806,0.0749063670411985
person,0.9589,19,19,0,1.0,0.8318207759473837,0.07116104868913857
person,0.9606,18,18,0,1.0,0.8241207763533424,0.06741573033707865
person,0.9623,17,17,0,1.0,0.8156818649911481,0.06367041198501873
person,0.9641,16,16,0,1.0,0.8063923194655637,0.0599250936329588
person,0.9658,15,15,0,1.0,0.7961166989641514,0.056179775280898875
person,0.9675,14,14,0,1.0,0.7846891972623643,0.052434456928838954
person,0.9692,13,13,0,1.0,0.7719046276458016,0.04868913857677903
person,0.971,12,12,0,1.0,0.7575059933447592,0.0449438202247191
person,0.9727,11,11,0,1.0,0.7411670330319684,0.04119850187265917
person,0.9744,10,10,0,1.0,0.7224672001371109,0.03745318352059925
person,0.9762,9,9,0,1.0,0.7008549515804561,0.033707865168539325
person,0.9779,8,8,0,1.0,0.6755924351161198,0.0299625468164794
person,0.9796,7,7,0,1.0,0.6456695649333126,0.026217228464419477
person,0.9814,6,6,0,1.0,0.6096657120978348,0.02247191011235955
person,0.9831,5,5,0,1.0,0.5655175352168254,0.018726591760299626
person,0.9848,4,4,0,1.0,0.5101091635454028,0.0149812734082397
person,0.9865,3,3,0,1.0,0.43850296824495466,0.011235955056179775
person,0.9883,2,2,0,1.0,0.3423802275066532,0.00749063670411985
person,0.99,1,1,0,1.0,0.2065493143772375,0.003745318352059925
slipper,0.3,400,233,167,0.5825,0.5336117391164402,1.0
slipper,0.3017,399,232,167,0.581453634085213,0.5324969006386916,0.9957081545064378
slipper,0.3035,398,232,166,0.5829145728643216,0.5339055846714136,0.9957081545064378
slipper,0.3052,397,232,165,0.5843828715365239,0.535321865720971,0.9957081545064378
slipper,0.3069,396,232,164,0.5858585858585859,0.5367458069983613,0.9957081545064378
slipper,0.3086,395,232,163,0.5873417721518988,0.5381774724457856,0.9957081545064378
slipper,0.3104,394,232,162,0.5888324873096447,0.539616926747882,0.9957081545064378
slipper,0.3121,393,232,161,0.5903307888040712,0.5410642353431812,0.9957081545064378
slipper,0.3138,392,232,160,0.5918367346938775,0.542519464435795,0.9957081545064378
slipper,0.3156,391,231,160,0.5907928388746803,0.5414032251373017,0.9914163090128756
slipper,0.3173,390,231,159,0.5923076923076923,0.5428670858734973,0.9914163090128756
slipper,0.319,389,231,158,0.5938303341902313,0.544339024871336,0.9914163090128756
slipper,0.3208,388,231,157,0.595360824742268,0.5458191110537,0.9914163090128756
slipper,0.3225,387,231,156,0.5968992248062015,0.5473074141639315,0.9914163090128756
slipper,0.3242,386,231,155,0.5984455958549223,0.5488040047788755,0.9914163090128756
slipper,0.3259,385,231,154,0.6,0.5503089543221923,0.9914163090128756
slipper,0.3277,384,231,153,0.6015625,0.5518223350779502,0.9914163090128756
slipper,0.3294,383,230,153,0.6005221932114883,0.5507056082377175,0.9871244635193133
slipper,0.3311,382,230,152,0.6020942408376964,0.5522282950518529,0.9871244635193133
slipper,0.3329,381,230,151,0.6036745406824147,0.5537595859327188,0.9871244635193133
slipper,0.3346,380,230,150,0.6052631578947368,0.555299556224366,0.9871244635193133
slipper,0.3363,379,230,149,0.6068601583113457,0.5568482821951433,0.9871244635193133
slipper,0.338,378,230,148,0.6084656084656085,0.5584058410529343,0.9871244635193133
slipper,0.3398,377,230,147,0.610079575596817,0.5599723109607259,0.9871244635193133
slipper,0.3415,376,230,146,0.6117021276595744,0.5615477710525164,0.9871244635193133
slipper,0.3432,375,229,146,0.6106666666666667,0.5604315983909576,0.9828326180257511
slipper,0.345,374,229,145,0.6122994652406417,0.5620171077596914,0.9828326180257511
slipper,0.3467,373,229,144,0.613941018766756,0.563611797196536,0.9828326180257511
slipper,0.3484,372,229,143,0.6155913978494624,0.5652157492936092,0.9828326180257511
slipper,0.3502,371,229,142,0.6172506738544474,0.5668290476888957,0.9828326180257511
slipper,0.3519,370,229,141,0.6189189189189189,0.5684517770841722,0.9828326180257511
slipper,0.3536,369,229,140,0.6205962059620597,0.5700840232633387,0.9828326180257511
slipper,0.3553,368,229,139,0.6222826086956522,0.5717258731111743,0.9828326180257511
slipper,0.3571,367,228,139,0.6212534059945504,0.5706114431231473,0.9785407725321889
slipper,0.3588,366,228,138,0.6229508196721312,0.572264163402936,0.9785407725321889
slipper,0.3605,365,228,137,0.6246575342465753,0.5739266965340011,0.9785407725321889
slipper,0.3623,364,228,136,0.6263736263736264,0.5755991333268353,0.9785407725321889
slipper,0.364,363,228,135,0.628099173553719,0.5772815657811424,0.9785407725321889
slipper,0.3657,362,228,134,0.6298342541436464,0.5789740871070849,0.9785407725321889
slipper,0.3674,361,228,133,0.631578947368421,0.5806767917470451,0.9785407725321889
slipper,0.3692,360,228,132,0.6333333333333333,0.5823897753979121,0.9785407725321889
slipper,0.3709,359,227,132,0.6323119777158774,0.5812784447089988,0.9742489270386266
slipper,0.3726,358,227,131,0.6340782122905028,0.5830032085849537,0.9742489270386266
slipper,0.3744,357,227,130,0.6358543417366946,0.5847384826236974,0.9742489270386266
slipper,0.3761,356,227,129,0.6376404494382022,0.5864843670010477,0.9742489270386266
slipper,0.3778,355,227,128,0.6394366197183099,0.5882409632524098,0.9742489270386266
slipper,0.3795,354,227,127,0.6412429378531074,0.5900083742981912,0.9742489270386266
slipper,0.3813,353,227,126,0.6430594900849859,0.5917867044698616,0.9742489270386266
slipper,0.383,352,227,125,0.6448863636363636,0.5935760595366838,0.9742489270386266
slipper,0.3847,351,226,125,0.6438746438746439,0.5924693778746245,0.9699570815450643
slipper,0.3865,350,226,124,0.6457142857142857,0.5942715242190698,0.9699570815450643
slipper,0.3882,349,226,123,0.6475644699140402,0.5960849517474971,0.9699570815450643
slipper,0.3899,348,226,122,0.6494252873563219,0.5979097713680839,0.9699570815450643
slipper,0.3917,347,226,121,0.6512968299711815,0.5997460955529635,0.9699570815450643
slipper,0.3934,346,226,120,0.653179190751445,0.6015940383689294,0.9699570815450643
slipper,0.3951,345,226,119,0.6550724637681159,0.6034537155089692,0.9699570815450643
slipper,0.3968,344,226,118,0.6569767441860465,0.6053252443246591,0.9699570815450643
slipper,0.3986,343,225,118,0.6559766763848397,0.6042249838373569,0.9656652360515021
slipper,0.4003,342,225,117,0.6578947368421053,0.6061104312367716,0.9656652360515021
slipper,0.402,341,225,116,0.6598240469208211,0.6080080155266975,0.9656652360515021
slipper,0.4038,340,225,115,0.6617647058823529,0.6099178599925469,0.9656652360515021
slipper,0.4055,339,225,114,0.6637168141592921,0.6118400897314129,0.9656652360515021
slipper,0.4072,338,225,113,0.665680473372781,0.6137748316895993,0.9656652360515021
slipper,0.4089,337,225,112,0.6676557863501483,0.6157222147012339,0.9656652360515021
slipper,0.4107,336,225,111,0.6696428571428571,0.6176823695280079,0.9656652360515021
slipper,0.4124,335,224,111,0.6686567164179105,0.616590559359193,0.9613733905579399
slipper,0.4141,334,224,110,0.6706586826347305,0.6185658942918772,0.9613733905579399
slipper,0.4159,333,224,109,0.6726726726726727,0.6205543197575867,0.9613733905579399
slipper,0.4176,332,224,108,0.6746987951807228,0.6225559734199275,0.9613733905579399
slipper,0.4193,331,224,107,0.676737160120846,0.624570995058146,0.9613733905579399
slipper,0.4211,330,224,106,0.6787878787878788,0.6265995266136216,0.9613733905579399
slipper,0.4228,329,224,105,0.6808510638297872,0.6286417122378096,0.9613733905579399
slipper,0.4245,328,224,104,0.6829268292682927,0.6306976983416862,0.9613733905579399
slipper,0.4262,327,223,104,0.6819571865443425,0.6296166656096386,0.9570815450643777
slipper,0.428,326,223,103,0.6840490797546013,0.6316892492852201,0.9570815450643777
slipper,0.4297,325,223,102,0.6861538461538461,0.6337759912535593,0.9570815450643777
slipper,0.4314,324,223,101,0.6882716049382716,0.6358770460218457,0.9570815450643777
slipper,0.4332,323,223,100,0.6904024767801857,0.6379925705912094,0.9570815450643777
slipper,0.4349,322,223,99,0.6925465838509317,0.6401227245152488,0.9570815450643777
slipper,0.4366,321,223,98,0.6947040498442367,0.6422676699605276,0.9570815450643777
slipper,0.4383,320,223,97,0.696875,0.644427571769134,0.9570815450643777
slipper,0.4401,319,222,97,0.6959247648902821,0.6433599904037539,0.9527896995708155
slipper,0.4418,318,222,96,0.6981132075471698,0.6455380897747337,0.9527896995708155
slipper,0.4435,317,222,95,0.7003154574132492,0.6477315493422237,0.9527896995708155
slipper,0.4453,316,222,94,0.7025316455696202,0.6499405435405958,0.9527896995708155
slipper,0.447,315,222,93,0.7047619047619048,0.6521652497769883,0.9527896995708155
slipper,0.4487,314,222,92,0.7070063694267515,0.6544058485063787,0.9527896995708155
slipper,0.4505,313,222,91,0.7092651757188498,0.6566625233094198,0.9527896995708155
slipper,0.4522,312,222,90,0.7115384615384616,0.6589354609731725,0.9527896995708155
slipper,0.4539,311,221,90,0.7106109324758842,0.6578844102834903,0.9484978540772532
slipper,0.4556,310,221,89,0.7129032258064516,0.6601773609854413,0.9484978540772532
slipper,0.4574,309,221,88,0.7152103559870551,0.6624870331152987,0.9484978540772532
slipper,0.4591,308,221,87,0.7175324675324676,0.6648136249610713,0.9484978540772532
slipper,0.4608,307,221,86,0.7198697068403909,0.6671573384019047,0.9484978540772532
slipper,0.4626,306,221,85,0.7222222222222222,0.6695183790065791,0.9484978540772532
slipper,0.4643,305,221,84,0.7245901639344262,0.6718969561359994,0.9484978540772532
slipper,0.466,304,221,83,0.7269736842105263,0.6742932830498983,0.9484978540772532
slipper,0.4677,303,220,83,0.7260726072607261,0.6732623184660145,0.944206008583691
slipper,0.4695,302,220,82,0.7284768211920529,0.6756807309183924,0.944206008583691
slipper,0.4712,301,220,81,0.7308970099667774,0.6781174176358516,0.944206008583691
slipper,0.4729,300,220,80,0.7333333333333333,0.6805726058685488,0.944206008583691
slipper,0.4747,299,220,79,0.7357859531772575,0.6830465272759842,0.944206008583691
slipper,0.4764,298,220,78,0.738255033557047,0.6855394180598093,0.944206008583691
slipper,0.4781,297,220,77,0.7407407407407407,0.6880515191026256,0.944206008583691
slipper,0.4798,296,220,76,0.7432432432432432,0.6905830761131444,0.944206008583691
slipper,0.4816,295,219,76,0.7423728813559322,0.6895763153504249,0.9399141630901288
slipper,0.4833,294,219,75,0.7448979591836735,0.6921323408264235,0.9399141630901288
slipper,0.485,293,219,74,0.7474402730375427,0.6947084273504293,0.9399141630901288
slipper,0.4868,292,219,73,0.75,0.6973048379576546,0.9399141630901288
slipper,0.4885,291,219,72,0.7525773195876289,0.6999218412078051,0.9399141630901288
slipper,0.4902,290,219,71,0.7551724137931034,0.7025597113702247,0.9399141630901288
slipper,0.492,289,219,70,0.7577854671280276,0.705218728618433,0.9399141630901288
slipper,0.4937,288,219,69,0.7604166666666666,0.7078991792347145,0.9399141630901288
slipper,0.4954,287,218,69,0.759581881533101,0.7069214082916427,0.9356223175965666
slipper,0.4971,286,218,68,0.7622377622377622,0.7096290910975479,0.9356223175965666
slipper,0.4989,285,218,67,0.7649122807017544,0.7123589128197207,0.9356223175965666
slipper,0.5006,284,218,66,0.7676056338028169,0.7151111816897942,0.9356223175965666
slipper,0.5023,283,218,65,0.7703180212014135,0.7178862130402495,0.9356223175965666
slipper,0.5041,282,217,65,0.7695035460992907,0.7169246684679211,0.9313304721030042
slipper,0.5058,281,216,65,0.7686832740213523,0.7159565673669969,0.927038626609442
slipper,0.5075,280,216,64,0.7714285714285715,0.7187666829580955,0.927038626609442
slipper,0.5092,279,215,64,0.7706093189964157,0.7177979818729754,0.9227467811158798
slipper,0.511,278,214,64,0.7697841726618705,0.7168226051754585,0.9184549356223176
slipper,0.5127,277,214,63,0.7725631768953068,0.7196687022190155,0.9184549356223176
slipper,0.5144,276,213,63,0.7717391304347826,0.7186927643994059,0.9141630901287554
slipper,0.5162,275,212,63,0.7709090909090909,0.7177100287478266,0.9098712446351931
slipper,0.5179,274,212,62,0.7737226277372263,0.7205930393193929,0.9098712446351931
slipper,0.5196,273,211,62,0.7728937728937729,0.7196097845556967,0.9055793991416309
slipper,0.5214,272,210,62,0.7720588235294118,0.7186196065013031,0.9012875536480687
slipper,0.5231,271,210,61,0.7749077490774908,0.721540499374325,0.9012875536480687
slipper,0.5248,270,209,61,0.774074074074074,0.7205498475960367,0.8969957081545065
slipper,0.5265,269,208,61,0.7732342007434945,0.719552143722062,0.8927038626609443
slipper,0.5283,268,208,60,0.7761194029850746,0.722511926324848,0.8927038626609443
slipper,0.53,267,207,60,0.7752808988764045,0.721513797742342,0.8884120171673819
slipper,0.5317,266,206,60,0.7744360902255639,0.720508484801963,0.8841201716738197
slipper,0.5335,265,206,59,0.7773584905660378,0.7235082053075307,0.8841201716738197
slipper,0.5352,264,205,59,0.7765151515151515,0.7225025205702273,0.8798283261802575
slipper,0.5369,263,204,59,0.7756653992395437,0.7214895156407973,0.8755364806866953
slipper,0.5386,262,204,58,0.7786259541984732,0.7245302652006627,0.8755364806866953
slipper,0.5404,261,203,58,0.7777777777777778,0.7235169455733259,0.871244635193133
slipper,0.5421,260,202,58,0.7769230769230769,0.7224961662286431,0.8669527896995708
slipper,0.5438,259,202,57,0.7799227799227799,0.7255790813627138,0.8669527896995708
slipper,0.5456,258,201,57,0.7790697674418605,0.7245580489218363,0.8626609442060086
slipper,0.5473,257,200,57,0.7782101167315175,0.7235294134244113,0.8583690987124464
slipper,0.549,256,200,56,0.78125,0.7266556785803728,0.8583690987124464
slipper,0.5508,255,199,56,0.7803921568627451,0.7256268564328305,0.8540772532188842
slipper,0.5525,254,198,56,0.7795275590551181,0.7245902839483405,0.8497854077253219
slipper,0.5542,253,198,55,0.782608695652174,0.7277611342453035,0.8497854077253219
slipper,0.5559,252,197,55,0.7817460317460317,0.7267244467717076,0.8454935622317596
slipper,0.5577,251,196,55,0.7808764940239044,0.725679857608082,0.8412017167381974
slipper,0.5594,250,196,54,0.784,0.7288965817807945,0.8412017167381974
slipper,0.5611,249,195,54,0.7831325301204819,0.7278519549062598,0.8369098712446352
slipper,0.5629,248,194,54,0.782258064516129,0.72679927078013,0.8326180257510729
slipper,0.5646,247,194,53,0.7854251012145749,0.7300632143417928,0.8326180257510729
slipper,0.5663,246,193,53,0.7845528455284553,0.7290105758371569,0.8283261802575107
slipper,0.568,245,192,53,0.7836734693877551,0.7279497201707237,0.8240343347639485
slipper,0.5698,244,192,52,0.7868852459016393,0.7312622888143901,0.8240343347639485
slipper,0.5715,243,191,52,0.7860082304526749,0.7302015686312845,0.8197424892703863
slipper,0.5732,242,190,52,0.7851239669421488,0.7291324668830275,0.8154506437768241
slipper,0.575,241,190,51,0.7883817427385892,0.732495130143766,0.8154506437768241
slipper,0.5767,240,189,51,0.7875,0.731426260787346,0.8111587982832618
slipper,0.5784,239,188,51,0.7866108786610879,0.730348840820412,0.8068669527896996
slipper,0.5802,238,188,50,0.7899159663865546,0.7337631360228849,0.8068669527896996
slipper,0.5819,237,187,50,0.7890295358649789,0.7326860529664933,0.8025751072961373
slipper,0.5836,236,186,50,0.788135593220339,0.7316002454590731,0.7982832618025751
slipper,0.5853,235,186,49,0.7914893617021277,0.7350677819779934,0.7982832618025751
slipper,0.5871,234,185,49,0.7905982905982906,0.7339824241245574,0.7939914163090128
slipper,0.5888,233,184,49,0.7896995708154506,0.7328881630270937,0.7896995708154506
slipper,0.5905,232,184,48,0.7931034482758621,0.7364106268912013,0.7896995708154506
slipper,0.5923,231,183,48,0.7922077922077922,0.7353169370867648,0.7854077253218884
slipper,0.594,230,182,48,0.7913043478260869,0.7342141601314431,0.7811158798283262
slipper,0.5957,229,182,47,0.7947598253275109,0.7377933190052641,0.7811158798283262
slipper,0.5974,228,181,47,0.793859649122807,0.7366912446107358,0.776824034334764
slipper,0.5992,227,180,47,0.7929515418502202,0.7355798938794009,0.7725321888412017
slipper,0.6009,226,180,46,0.7964601769911505,0.7392176024611815,0.7725321888412017
slipper,0.6026,225,179,46,0.7955555555555556,0.7381070959891585,0.7682403433476395
slipper,0.6044,224,178,46,0.7946428571428571,0.7369871185465943,0.7639484978540773
slipper,0.6061,223,178,45,0.7982062780269058,0.7406853244255092,0.7639484978540773
slipper,0.6078,222,177,45,0.7972972972972973,0.7395663442499294,0.759656652360515
slipper,0.6095,221,176,45,0.7963800904977375,0.7384376928503353,0.7553648068669528
slipper,0.6113,220,176,44,0.8,0.7421984428714874,0.7553648068669528
slipper,0.613,219,175,44,0.7990867579908676,0.7410709540188734,0.7510729613733905
slipper,0.6147,218,174,44,0.7981651376146789,0.739933587894414,0.7467811158798283
slipper,0.6165,217,174,43,0.8018433179723502,0.7437590350863408,0.7467811158798283
slipper,0.6182,216,173,43,0.8009259259259259,0.7426230101185699,0.7424892703862661
slipper,0.6199,215,172,43,0.8,0.7414768958600555,0.7381974248927039
slipper,0.6217,214,172,42,0.8037383177570093,0.7453693069866274,0.7381974248927039
slipper,0.6234,213,171,42,0.8028169014084507,0.7442247269865027,0.7339055793991416
slipper,0.6251,212,170,42,0.8018867924528302,0.743069839527623,0.7296137339055794
slipper,0.6268,211,170,41,0.8056872037914692,0.7470316033344864,0.7296137339055794
slipper,0.6286,210,169,41,0.8047619047619048,0.7458784590069235,0.7253218884120172
slipper,0.6303,209,168,41,0.8038277511961722,0.744714782725036,0.721030042918455
slipper,0.632,208,168,40,0.8076923076923077,0.7487484189603574,0.721030042918455
slipper,0.6338,207,167,40,0.8067632850241546,0.7475867118637857,0.7167381974248928
slipper,0.6355,206,166,40,0.8058252427184466,0.7464142418120633,0.7124463519313304
slipper,0.6372,205,166,39,0.8097560975609757,0.750522411112502,0.7124463519313304
slipper,0.6389,204,165,39,0.8088235294117647,0.7493521550371347,0.7081545064377682
slipper,0.6407,203,164,39,0.8078817733990148,0.7481708983249878,0.703862660944206
slipper,0.6424,202,164,38,0.8118811881188119,0.7523564130708715,0.703862660944206
slipper,0.6441,201,163,38,0.8109452736318408,0.751177635582886,0.6995708154506438
slipper,0.6459,200,162,38,0.81,0.7499876129240016,0.6952789699570815
slipper,0.6476,199,162,37,0.8140703517587939,0.754253449182975,0.6952789699570815
slipper,0.6493,198,161,37,0.8131313131313131,0.753066193356417,0.6909871244635193
slipper,0.6511,197,160,37,0.8121827411167513,0.7518674408065927,0.6866952789699571
slipper,0.6528,196,160,36,0.8163265306122449,0.7562167515030138,0.6866952789699571
slipper,0.6545,195,159,36,0.8153846153846154,0.7550210778644664,0.6824034334763949
slipper,0.6562,194,158,36,0.8144329896907216,0.753813648774715,0.6781115879828327
slipper,0.658,193,158,35,0.8186528497409327,0.7582497782433524,0.6781115879828327
slipper,0.6597,192,157,35,0.8177083333333334,0.7570457669581837,0.6738197424892703
slipper,0.6614,191,156,35,0.8167539267015707,0.7558297341724368,0.6695278969957081
slipper,0.6632,190,156,34,0.8210526315789474,0.7603562342802868,0.6695278969957081
slipper,0.6649,189,155,34,0.8201058201058201,0.7591439876137042,0.6652360515021459
slipper,0.6666,188,154,34,0.8191489361702128,0.7579194459449666,0.6609442060085837
slipper,0.6683,187,154,33,0.8235294117647058,0.7625400939951428,0.6609442060085837
slipper,0.6701,186,153,33,0.8225806451612904,0.7613197390864702,0.6566523605150214
slipper,0.6718,185,152,33,0.8216216216216217,0.7600868081105857,0.6523605150214592
slipper,0.6735,184,152,32,0.8260869565217391,0.7648056267783584,0.6523605150214592
slipper,0.6753,183,151,32,0.825136612021858,0.7635773187730677,0.648068669527897
slipper,0.677,182,150,32,0.8241758241758241,0.7623361459855162,0.6437768240343348
slipper,0.6787,181,150,31,0.8287292817679558,0.7671574255801207,0.6437768240343348
slipper,0.6805,180,149,31,0.8277777777777777,0.7659213511713737,0.6394849785407726
slipper,0.6822,179,148,31,0.8268156424581006,0.764672115559935,0.6351931330472103
slipper,0.6839,178,148,30,0.8314606741573034,0.7696004389585315,0.6351931330472103
slipper,0.6856,177,147,30,0.8305084745762712,0.7683568203985662,0.630901287553648
slipper,0.6874,176,146,30,0.8295454545454546,0.767099736493473,0.6266094420600858
slipper,0.6891,175,146,29,0.8342857142857143,0.7721400071579936,0.6266094420600858
slipper,0.6908,174,145,29,0.8333333333333334,0.7708891068098971,0.6223175965665236
slipper,0.6926,173,144,29,0.8323699421965318,0.7696244292835869,0.6180257510729614
slipper,0.6943,172,144,28,0.8372093023255814,0.7747819028501637,0.6180257510729614
slipper,0.696,171,143,28,0.8362573099415205,0.7735240283627878,0.6137339055793991
slipper,0.6977,170,142,28,0.8352941176470589,0.7722520572638997,0.6094420600858369
slipper,0.6995,169,142,27,0.8402366863905325,0.7775323772921549,0.6094420600858369
slipper,0.7012,168,141,27,0.8392857142857143,0.7762678874955886,0.6051502145922747
slipper,0.7029,167,140,27,0.8383233532934131,0.7749889742169129,0.6008583690987125
slipper,0.7047,166,140,26,0.8433734939759037,0.7803982128078754,0.6008583690987125
slipper,0.7064,165,139,26,0.8424242424242424,0.7791275244445727,0.5965665236051502
slipper,0.7081,164,138,26,0.8414634146341463,0.7778420785428521,0.592274678111588
slipper,0.7098,163,138,25,0.8466257668711656,0.7833867826867015,0.592274678111588
slipper,0.7116,162,137,25,0.845679012345679,0.7821103781147998,0.5879828326180258
slipper,0.7133,161,136,25,0.84472049689441,0.7808188751223256,0.5836909871244635
slipper,0.715,160,136,24,0.85,0.7865061198301088,0.5836909871244635
slipper,0.7168,159,135,24,0.8490566037735849,0.7852245558615968,0.5793991416309013
slipper,0.7185,158,134,24,0.8481012658227848,0.7839275462564423,0.575107296137339
slipper,0.7202,157,134,23,0.8535031847133758,0.7897649957763438,0.575107296137339
slipper,0.722,156,133,23,0.8525641025641025,0.7884789138447561,0.5708154506437768
slipper,0.7237,155,132,23,0.8516129032258064,0.7871770333794679,0.5665236051502146
slipper,0.7254,154,132,22,0.8571428571428571,0.7931730121161726,0.5665236051502146
slipper,0.7271,153,131,22,0.8562091503267973,0.7918831500079814,0.5622317596566524
slipper,0.7289,152,130,22,0.8552631578947368,0.7905771316372451,0.5579399141630901
slipper,0.7306,151,130,21,0.8609271523178808,0.796740706807581,0.5579399141630901
slipper,0.7323,150,129,21,0.86,0.7954479122405028,0.5536480686695279
slipper,0.7341,149,128,21,0.8590604026845637,0.7941385999388815,0.5493562231759657
slipper,0.7358,148,128,20,0.8648648648648649,0.8004796785440644,0.5493562231759657
slipper,0.7375,147,127,20,0.8639455782312925,0.7991849249368811,0.5450643776824035
slipper,0.7392,146,126,20,0.863013698630137,0.7978732897610338,0.5407725321888412
slipper,0.741,145,126,19,0.8689655172413793,0.8044027331870468,0.5407725321888412
slipper,0.7427,144,125,19,0.8680555555555556,0.8031071380429962,0.5364806866952789
slipper,0.7444,143,124,19,0.8671328671328671,0.8017942968727334,0.5321888412017167
slipper,0.7462,142,124,18,0.8732394366197183,0.8085240574212684,0.5321888412017167
slipper,0.7479,141,123,18,0.8723404255319149,0.8072289038457278,0.5278969957081545
slipper,0.7496,140,122,18,0.8714285714285714,0.8059161413401259,0.5236051502145923
slipper,0.7514,139,122,17,0.8776978417266187,0.8128594263559393,0.5236051502145923
slipper,0.7531,138,121,17,0.8768115942028986,0.8115661883561324,0.51931330472103
slipper,0.7548,137,120,17,0.8759124087591241,0.8102549827921021,0.5150214592274678
slipper,0.7565,136,120,16,0.8823529411764706,0.817426453960262,0.5150214592274678
slipper,0.7583,135,119,16,0.8814814814814815,0.816136826340151,0.5107296137339056
slipper,0.76,134,118,16,0.8805970149253731,0.8148288801717577,0.5064377682403434
slipper,0.7617,133,118,15,0.8872180451127819,0.8222448982769773,0.5064377682403434
slipper,0.7635,132,117,15,0.8863636363636364,0.8209608321588799,0.5021459227467812
slipper,0.7652,131,116,15,0.8854961832061069,0.8196581083613612,0.4978540772532189
slipper,0.7669,130,116,14,0.8923076923076924,0.8273370377561917,0.4978540772532189
slipper,0.7686,129,115,14,0.8914728682170543,0.8260607830534078,0.49356223175965663
slipper,0.7704,128,114,14,0.890625,0.8247655486183226,0.4892703862660944
slipper,0.7721,127,114,13,0.8976377952755905,0.8327281415313803,0.4892703862660944
slipper,0.7738,126,113,13,0.8968253968253969,0.8314622980954792,0.48497854077253216
slipper,0.7756,125,112,13,0.896,0.8301771764561211,0.48068669527896996
slipper,0.7773,124,112,12,0.9032258064516129,0.8384470662529209,0.48068669527896996
slipper,0.779,123,111,12,0.9024390243902439,0.8371946459754585,0.47639484978540775
slipper,0.7808,122,110,12,0.9016393442622951,0.8359226807162071,0.4721030042918455
slipper,0.7825,121,110,11,0.9090909090909091,0.8445270273318659,0.4721030042918455
slipper,0.7842,120,109,11,0.9083333333333333,0.843291530273291,0.4678111587982833
slipper,0.7859,119,108,11,0.907563025210084,0.8420362632956674,0.463519313304721
slipper,0.7877,118,108,10,0.9152542372881356,0.8510066169479545,0.463519313304721
slipper,0.7894,117,107,10,0.9145299145299145,0.84979212572936,0.4592274678111588
slipper,0.7911,116,106,10,0.9137931034482759,0.8485576942481899,0.45493562231759654
slipper,0.7929,115,106,9,0.9217391304347826,0.8579311820896178,0.45493562231759654
slipper,0.7946,114,105,9,0.9210526315789473,0.856742480545729,0.45064377682403434
slipper,0.7963,113,104,9,0.9203539823008849,0.8555337391077958,0.44635193133047213
slipper,0.798,112,104,8,0.9285714285714286,0.8653547472690816,0.44635193133047213
slipper,0.7998,111,103,8,0.9279279279279279,0.864197472140552,0.44206008583690987
slipper,0.8015,110,102,8,0.9272727272727272,0.8630201487245273,0.43776824034334766
slipper,0.8032,109,102,7,0.9357798165137615,0.8733427976315922,0.43776824034334766
slipper,0.805,108,101,7,0.9351851851851852,0.8722236366714629,0.4334763948497854
slipper,0.8067,107,100,7,0.9345794392523364,0.8710845366643586,0.4291845493562232
slipper,0.8084,106,100,6,0.9433962264150944,0.8819764940905073,0.4291845493562232
slipper,0.8102,105,99,6,0.9428571428571428,0.8809034520143958,0.4248927038626609
slipper,0.8119,104,98,6,0.9423076923076923,0.8798107321520116,0.4206008583690987
slipper,0.8136,103,98,5,0.9514563106796117,0.8913594304491901,0.4206008583690987
slipper,0.8153,102,97,5,0.9509803921568627,0.890342199318771,0.41630901287553645
slipper,0.8171,101,96,5,0.9504950495049505,0.8893057492703144,0.41201716738197425
slipper,0.8188,100,96,4,0.96,0.9016292856411207,0.41201716738197425
slipper,0.8205,99,95,4,0.9595959595959596,0.9006797874974578,0.40772532188841204
slipper,0.8223,98,94,4,0.9591836734693877,0.8997117888636472,0.4034334763948498
slipper,0.824,97,94,3,0.9690721649484536,0.9129799648468901,0.4034334763948498
slipper,0.8257,96,93,3,0.96875,0.9121132067546303,0.39914163090128757
slipper,0.8274,95,92,3,0.968421052631579,0.9112290135269182,0.3948497854077253
slipper,0.8292,94,92,2,0.9787234042553191,0.9257097951089702,0.3948497854077253
slipper,0.8309,93,91,2,0.978494623655914,0.9249453736530886,0.3905579399141631
slipper,0.8326,92,90,2,0.9782608695652174,0.9241650601730417,0.38626609442060084
slipper,0.8344,91,90,1,0.989010989010989,0.940350643313494,0.38626609442060084
slipper,0.8361,90,89,1,0.9888888888888889,0.9397159168824657,0.38197424892703863
slipper,0.8378,89,88,1,0.9887640449438202,0.9390675378849535,0.3776824034334764
slipper,0.8395,88,88,0,1.0,0.9581729333351077,0.3776824034334764
slipper,0.8413,87,87,0,1.0,0.9577124930558795,0.37339055793991416
slipper,0.843,86,86,0,1.0,0.9572418027142576,0.36909871244635195
slipper,0.8447,85,85,0,1.0,0.9567605161859484,0.3648068669527897
slipper,0.8465,84,84,0,1.0,0.95626827158534,0.3605150214592275
slipper,0.8482,83,83,0,1.0,0.9557646903580262,0.3562231759656652
slipper,0.8499,82,82,0,1.0,0.9552493763098997,0.351931330472103
slipper,0.8517,81,81,0,1.0,0.9547219145675849,0.34763948497854075
slipper,0.8534,80,80,0,1.0,0.954181870464473,0.34334763948497854
slipper,0.8551,79,79,0,1.0,0.9536287883460772,0.33905579399141633
slipper,0.8568,78,78,0,1.0,0.9530621902878058,0.33476394849785407
slipper,0.8586,77,77,0,1.0,0.9524815747175658,0.33047210300429186
slipper,0.8603,76,76,0,1.0,0.9518864149348628,0.3261802575107296
slipper,0.862,75,75,0,1.0,0.9512761575171942,0.3218884120171674
slipper,0.8638,74,74,0,1.0,0.9506502206036139,0.31759656652360513
slipper,0.8655,73,73,0,1.0,0.950007992044269,0.3133047210300429
slipper,0.8672,72,72,0,1.0,0.9493488274035422,0.3090128755364807
slipper,0.8689,71,71,0,1.0,0.9486720478031097,0.30472103004291845
slipper,0.8707,70,70,0,1.0,0.947976937589733,0.30042918454935624
slipper,0.8724,69,69,0,1.0,0.9472627418109483,0.296137339055794
slipper,0.8741,68,68,0,1.0,0.9465286634799295,0.2918454935622318
slipper,0.8759,67,67,0,1.0,0.9457738606086983,0.2875536480686695
slipper,0.8776,66,66,0,1.0,0.9449974429864588,0.2832618025751073
slipper,0.8793,65,65,0,1.0,0.9441984686771432,0.27896995708154504
slipper,0.8811,64,64,0,1.0,0.9433759402071946,0.27467811158798283
slipper,0.8828,63,63,0,1.0,0.9425288004111483,0.2703862660944206
slipper,0.8845,62,62,0,1.0,0.9416559278986275,0.26609442060085836
slipper,0.8862,61,61,0,1.0,0.9407561321018872,0.26180257510729615
slipper,0.888,60,60,0,1.0,0.93982814785791,0.2575107296137339
slipper,0.8897,59,59,0,1.0,0.9388706294732116,0.2532188841201717
slipper,0.8914,58,58,0,1.0,0.9378821442127971,0.24892703862660945
slipper,0.8932,57,57,0,1.0,0.9368611651470212,0.2446351931330472
slipper,0.8949,56,56,0,1.0,0.9358060632812366,0.24034334763948498
slipper,0.8966,55,55,0,1.0,0.9347150988829135,0.23605150214592274
slipper,0.8983,54,54,0,1.0,0.9335864119091036,0.2317596566523605
slipper,0.9001,53,53,0,1.0,0.9324180114234583,0.22746781115879827
slipper,0.9018,52,52,0,1.0,0.9312077638761377,0.22317596566523606
slipper,0.9035,51,51,0,1.0,0.9299533801014684,0.21888412017167383
slipper,0.9053,50,50,0,1.0,0.9286524008666414,0.2145922746781116
slipper,0.907,49,49,0,1.0,0.9273021807795037,0.21030042918454936
slipper,0.9087,48,48,0,1.0,0.9258998703338824,0.20600858369098712
slipper,0.9105,47,47,0,1.0,0.9244423958360036,0.2017167381974249
slipper,0.9122,46,46,0,1.0,0.9229264369144196,0.19742489270386265
slipper,0.9139,45,45,0,1.0,0.9213484012671117,0.19313304721030042
slipper,0.9156,44,44,0,1.0,0.9197043962415193,0.1888412017167382
slipper,0.9174,43,43,0,1.0,0.9179901967742088,0.18454935622317598
slipper,0.9191,42,42,0,1.0,0.916201209134296,0.18025751072961374
slipper,0.9208,41,41,0,1.0,0.9143324298155683,0.1759656652360515
slipper,0.9226,40,40,0,1.0,0.9123783988027133,0.17167381974248927
slipper,0.9243,39,39,0,1.0,0.9103331462924287,0.16738197424892703
slipper,0.926,38,38,0,1.0,0.9081901317744159,0.1630901287553648
slipper,0.9277,37,37,0,1.0,0.9059421741627975,0.15879828326180256
slipper,0.9295,36,36,0,1.0,0.9035813714055363,0.15450643776824036
slipper,0.9312,35,35,0,1.0,0.901099007675596,0.15021459227467812
slipper,0.9329,34,34,0,1.0,0.8984854458466763,0.1459227467811159
slipper,0.9347,33,33,0,1.0,0.8957300024575479,0.14163090128755365
slipper,0.9364,32,32,0,1.0,0.8928208017449295,0.13733905579399142
slipper,0.9381,31,31,0,1.0,0.889744604539564,0.13304721030042918
slipper,0.9398,30,30,0,1.0,0.8864866068260313,0.12875536480686695
slipper,0.9416,29,29,0,1.0,0.8830302015002593,0.12446351931330472
slipper,0.9433,28,28,0,1.0,0.8793566952341545,0.12017167381974249
slipper,0.945,27,27,0,1.0,0.8754449702581331,0.11587982832618025
slipper,0.9468,26,26,0,1.0,0.8712710781407849,0.11158798283261803
slipper,0.9485,25,25,0,1.0,0.8668077490609516,0.1072961373390558
slipper,0.9502,24,24,0,1.0,0.8620237953250198,0.10300429184549356
slipper,0.952,23,23,0,1.0,0.8568833815495732,0.09871244635193133
slipper,0.9537,22,22,0,1.0,0.8513451253913792,0.0944206008583691
slipper,0.9554,21,21,0,1.0,0.8453609810751531,0.09012875536480687
slipper,0.9571,20,20,0,1.0,0.8388748419471806,0.08583690987124463
slipper,0.9589,19,19,0,1.0,0.8318207759473837,0.0815450643776824
slipper,0.9606,18,18,0,1.0,0.8241207763533424,0.07725321888412018
slipper,0.9623,17,17,0,1.0,0.8156818649911481,0.07296137339055794
slipper,0.9641,16,16,0,1.0,0.8063923194655637,0.06866952789699571
slipper,0.9658,15,15,0,1.0,0.7961166989641514,0.06437768240343347
slipper,0.9675,14,14,0,1.0,0.7846891972623643,0.060085836909871244
slipper,0.9692,13,13,0,1.0,0.7719046276458016,0.055793991416309016
slipper,0.971,12,12,0,1.0,0.7575059933447592,0.05150214592274678
slipper,0.9727,11,11,0,1.0,0.7411670330319684,0.04721030042918455
slipper,0.9744,10,10,0,1.0,0.7224672001371109,0.04291845493562232
slipper,0.9762,9,9,0,1.0,0.7008549515804561,0.03862660944206009
slipper,0.9779,8,8,0,1.0,0.6755924351161198,0.034334763948497854
slipper,0.9796,7,7,0,1.0,0.6456695649333126,0.030042918454935622
slipper,0.9814,6,6,0,1.0,0.6096657120978348,0.02575107296137339
slipper,0.9831,5,5,0,1.0,0.5655175352168254,0.02145922746781116
slipper,0.9848,4,4,0,1.0,0.5101091635454028,0.017167381974248927
slipper,0.9865,3,3,0,1.0,0.43850296824495466,0.012875536480686695
slipper,0.9883,2,2,0,1.0,0.3423802275066532,0.008583690987124463
slipper,0.99,1,1,0,1.0,0.2065493143772375,0.004291845493562232
smoking,0.3,400,241,159,0.6025,0.553785219344749,1.0
smoking,0.3017,399,241,158,0.6040100250626567,0.5552500017036853,1.0
smoking,0.3035,398,241,157,0.6055276381909548,0.5567227001485433,1.0
smoking,0.3052,397,241,156,0.6070528967254408,0.5582033809668844,1.0
smoking,0.3069,396,241,155,0.6085858585858586,0.559692111223927,1.0
smoking,0.3086,395,241,154,0.610126582278481,0.5611889587748107,1.0
smoking,0.3104,394,241,153,0.6116751269035533,0.5626939922771149,1.0
smoking,0.3121,393,240,153,0.6106870229007634,0.5616304358702003,0.995850622406639
smoking,0.3138,392,240,152,0.6122448979591837,0.563144629067622,0.995850622406639
smoking,0.3156,391,240,151,0.6138107416879796,0.5646671729415964,0.995850622406639
smoking,0.3173,390,240,150,0.6153846153846154,0.5661981390046148,0.995850622406639
smoking,0.319,389,240,149,0.6169665809768637,0.5677375996303871,0.995850622406639
smoking,0.3208,388,240,148,0.6185567010309279,0.5692856280678659,0.995850622406639
smoking,0.3225,387,240,147,0.6201550387596899,0.5708422984555725,0.995850622406639
smoking,0.3242,386,240,146,0.6217616580310881,0.5724076858362395,0.995850622406639
smoking,0.3259,385,239,146,0.6207792207792208,0.5713457857972849,0.991701244813278
smoking,0.3277,384,239,145,0.6223958333333334,0.5729210441463585,0.991701244813278
smoking,0.3294,383,239,144,0.6240208877284595,0.5745052001062823,0.991701244813278
smoking,0.3311,382,239,143,0.6256544502617801,0.5760983319405946,0.991701244813278
smoking,0.3329,381,239,142,0.6272965879265092,0.5777005188858364,0.991701244813278
smoking,0.3346,380,239,141,0.6289473684210526,0.5793118411680339,0.991701244813278
smoking,0.3363,379,239,140,0.6306068601583114,0.5809323800195573,0.991701244813278
smoking,0.338,378,239,139,0.6322751322751323,0.582562217696365,0.991701244813278
smoking,0.3398,377,238,139,0.6312997347480106,0.5815031511248695,0.9875518672199171
smoking,0.3415,376,238,138,0.6329787234042553,0.5831436438770818,0.9875518672199171
smoking,0.3432,375,238,137,0.6346666666666667,0.5847936340479505,0.9875518672199171
smoking,0.345,374,238,136,0.6363636363636364,0.5864532075434542,0.9875518672199171
smoking,0.3467,373,238,135,0.6380697050938338,0.5881224513742621,0.9875518672199171
smoking,0.3484,372,238,134,0.6397849462365591,0.5898014536752613,0.9875518672199171
smoking,0.3502,371,238,133,0.6415094339622641,0.5914903037255532,0.9875518672199171
smoking,0.3519,370,238,132,0.6432432432432432,0.5931890919689351,0.9875518672199171
smoking,0.3536,369,237,132,0.6422764227642277,0.5921341948128531,0.983402489626556
smoking,0.3553,368,237,131,0.6440217391304348,0.5938445048852289,0.983402489626556
smoking,0.3571,367,237,130,0.6457765667574932,0.5955649721680049,0.983402489626556
smoking,0.3588,366,237,129,0.6475409836065574,0.5972956912622643,0.983402489626556
smoking,0.3605,365,237,128,0.6493150684931507,0.5990367580301909,0.983402489626556
smoking,0.3623,364,237,127,0.6510989010989011,0.6007882696184126,0.983402489626556
smoking,0.364,363,237,126,0.6528925619834711,0.6025503244819401,0.983402489626556
smoking,0.3657,362,237,125,0.6546961325966851,0.6043230224087194,0.983402489626556
smoking,0.3674,361,236,125,0.6537396121883656,0.603273812305643,0.979253112033195
smoking,0.3692,360,236,124,0.6555555555555556,0.605058993013929,0.979253112033195
smoking,0.3709,359,236,123,0.6573816155988857,0.6068550591270666,0.979253112033195
smoking,0.3726,358,236,122,0.659217877094972,0.6086621151949215,0.979253112033195
smoking,0.3744,357,236,121,0.6610644257703081,0.6104802672159748,0.979253112033195
smoking,0.3761,356,236,120,0.6629213483146067,0.6123096226655198,0.979253112033195
smoking,0.3778,355,236,119,0.6647887323943662,0.6141502905246212,0.979253112033195
smoking,0.3795,354,236,118,0.6666666666666666,0.6160023813098665,0.979253112033195
smoking,0.3813,353,235,118,0.6657223796033994,0.6149605842989312,0.975103734439834
smoking,0.383,352,235,117,0.6676136363636364,0.6168262267185928,0.975103734439834
smoking,0.3847,351,235,116,0.6695156695156695,0.6187035611958976,0.975103734439834
smoking,0.3865,350,235,115,0.6714285714285714,0.6205927037371176,0.975103734439834
smoking,0.3882,349,235,114,0.673352435530086,0.6224937720243752,0.975103734439834
smoking,0.3899,348,235,113,0.6752873563218391,0.6244068854501075,0.975103734439834
smoking,0.3917,347,235,112,0.6772334293948127,0.6263321651525291,0.975103734439834
smoking,0.3934,346,235,111,0.6791907514450867,0.6282697340521337,0.975103734439834
smoking,0.3951,345,234,111,0.6782608695652174,0.6272373159508265,0.970954356846473
smoking,0.3968,344,234,110,0.6802325581395349,0.6291896296277304,0.970954356846473
smoking,0.3986,343,234,109,0.6822157434402333,0.6311545326059794,0.970954356846473
smoking,0.4003,342,234,108,0.6842105263157895,0.6331321541817028,0.970954356846473
smoking,0.402,341,234,107,0.6862170087976539,0.6351226256057008,0.970954356846473
smoking,0.4038,340,234,106,0.6882352941176471,0.6371260801261586,0.970954356846473
smoking,0.4055,339,234,105,0.6902654867256637,0.6391426530326921,0.970954356846473
smoking,0.4072,338,234,104,0.6923076923076923,0.6411724817017859,0.970954356846473
smoking,0.4089,337,233,104,0.6913946587537092,0.6401516851432404,0.966804979253112
smoking,0.4107,336,233,103,0.6934523809523809,0.6421975958226519,0.966804979253112
smoking,0.4124,335,233,102,0.6955223880597015,0.6442570984491992,0.966804979253112
smoking,0.4141,334,233,101,0.6976047904191617,0.6463303378679259,0.966804979253112
smoking,0.4159,333,233,100,0.6996996996996997,0.6484174612256957,0.966804979253112
smoking,0.4176,332,233,99,0.7018072289156626,0.6505186180249966,0.966804979253112
smoking,0.4193,331,233,98,0.7039274924471299,0.6526339601795706,0.966804979253112
smoking,0.4211,330,233,97,0.706060606060606,0.6547636420719476,0.966804979253112
smoking,0.4228,329,232,97,0.7051671732522796,0.6537570304643919,0.9626556016597511
smoking,0.4245,328,232,96,0.7073170731707317,0.655904299890844,0.9626556016597511
smoking,0.4262,327,232,95,0.709480122324159,0.6580662876441224,0.9626556016597511
smoking,0.428,326,232,94,0.7116564417177914,0.6602431569448945,0.9626556016597511
smoking,0.4297,325,232,93,0.7138461538461538,0.6624350737553911,0.9626556016597511
smoking,0.4314,324,232,92,0.7160493827160493,0.6646422068485044,0.9626556016597511
smoking,0.4332,323,232,91,0.718266253869969,0.6668647278794474,0.9626556016597511
smoking,0.4349,322,232,90,0.7204968944099379,0.6691028114601015,0.9626556016597511
smoking,0.4366,321,231,90,0.719626168224299,0.6681133214878505,0.9585062240663901
smoking,0.4383,320,231,89,0.721875,0.6703706964091413,0.9585062240663901
smoking,0.4401,319,231,88,0.7241379310344828,0.6726440628337279,0.9585062240663901
smoking,0.4418,318,231,87,0.7264150943396226,0.6749336059604059,0.9585062240663901
smoking,0.4435,317,231,86,0.7287066246056783,0.6772395142981616,0.9585062240663901
smoking,0.4453,316,231,85,0.7310126582278481,0.6795619797569824,0.9585062240663901
smoking,0.447,315,231,84,0.7333333333333333,0.681901197742377,0.9585062240663901
smoking,0.4487,314,231,83,0.7356687898089171,0.684257367253818,0.9585062240663901
smoking,0.4505,313,230,83,0.7348242811501597,0.6832883720301806,0.9543568464730291
smoking,0.4522,312,230,82,0.7371794871794872,0.6856657727687534,0.9543568464730291
smoking,0.4539,311,230,81,0.7395498392282959,0.6880606145725083,0.9543568464730291
smoking,0.4556,310,230,80,0.7419354838709677,0.6904731093120123,0.9543568464730291
smoking,0.4574,309,230,79,0.7443365695792881,0.692903472921784,0.9543568464730291
smoking,0.4591,308,230,78,0.7467532467532467,0.6953519255230027,0.9543568464730291
smoking,0.4608,307,230,77,0.749185667752443,0.6978186915518069,0.9543568464730291
smoking,0.4626,306,229,77,0.7483660130718954,0.6968694874031403,0.950207468879668
smoking,0.4643,305,229,76,0.7508196721311475,0.6993593855669422,0.950207468879668
smoking,0.466,304,228,76,0.75,0.6984088182656174,0.946058091286307
smoking,0.4677,303,227,76,0.7491749174917491,0.6974522417769194,0.941908713692946
smoking,0.4695,302,227,75,0.7516556291390728,0.6999703921606919,0.941908713692946
smoking,0.4712,301,226,75,0.7508305647840532,0.6990124555264379,0.9377593360995851
smoking,0.4729,300,225,75,0.75,0.6980484035459826,0.9336099585062241
smoking,0.4747,299,225,74,0.7525083612040134,0.7005954541656964,0.9336099585062241
smoking,0.4764,298,224,74,0.7516778523489933,0.6996300461230308,0.9294605809128631
smoking,0.4781,297,223,74,0.7508417508417509,0.6986584137969538,0.9253112033195021
smoking,0.4798,296,223,73,0.7533783783783784,0.7012350352073866,0.9253112033195021
smoking,0.4816,295,222,73,0.752542372881356,0.700262052065471,0.921161825726141
smoking,0.4833,294,221,73,0.7517006802721088,0.6992827328295911,0.91701244813278
smoking,0.485,293,221,72,0.7542662116040956,0.701889619181956,0.91701244813278
smoking,0.4868,292,220,72,0.7534246575342466,0.700908955633246,0.9128630705394191
smoking,0.4885,291,219,72,0.7525773195876289,0.6999218412078051,0.9087136929460581
smoking,0.4902,290,219,71,0.7551724137931034,0.7025597113702247,0.9087136929460581
smoking,0.492,289,218,71,0.754325259515571,0.7015712604926225,0.9045643153526971
smoking,0.4937,288,217,71,0.7534722222222222,0.7005762408803438,0.9004149377593361
smoking,0.4954,287,217,70,0.7560975609756098,0.7032458396257184,0.9004149377593361
smoking,0.4971,286,216,70,0.7552447552447552,0.7022494928886847,0.8962655601659751
smoking,0.4989,285,215,70,0.7543859649122807,0.7012464563766025,0.8921161825726142
smoking,0.5006,284,215,69,0.7570422535211268,0.7039485556428083,0.8921161825726142
smoking,0.5023,283,214,69,0.7561837455830389,0.7029442029179469,0.8879668049792531
smoking,0.5041,282,213,69,0.7553191489361702,0.7019330360835108,0.8838174273858921
smoking,0.5058,281,213,68,0.7580071174377224,0.7046684363112914,0.8838174273858921
smoking,0.5075,280,212,68,0.7571428571428571,0.703655965887977,0.8796680497925311
smoking,0.5092,279,211,68,0.7562724014336918,0.7026365536099926,0.8755186721991701
smoking,0.511,278,211,67,0.7589928057553957,0.7054060851643814,0.8755186721991701
smoking,0.5127,277,210,67,0.7581227436823105,0.7043853837710696,0.8713692946058091
smoking,0.5144,276,209,67,0.7572463768115942,0.703357609246106,0.8672199170124482
smoking,0.5162,275,209,66,0.76,0.706162133927736,0.8672199170124482
smoking,0.5179,274,208,66,0.7591240875912408,0.7051330867596679,0.8630705394190872
smoking,0.5196,273,207,66,0.7582417582417582,0.7040968315246323,0.8589211618257261
smoking,0.5214,272,207,65,0.7610294117647058,0.7069372441778635,0.8589211618257261
smoking,0.5231,271,206,65,0.7601476014760148,0.7058997349319596,0.8547717842323651
smoking,0.5248,270,205,65,0.7592592592592593,0.7048548788936289,0.8506224066390041
smoking,0.5265,269,205,64,0.7620817843866171,0.707732109119059,0.8506224066390041
smoking,0.5283,268,204,64,0.7611940298507462,0.7066860200368935,0.8464730290456431
smoking,0.53,267,203,64,0.7602996254681648,0.7056324415092792,0.8423236514522822
smoking,0.5317,266,203,63,0.7631578947368421,0.7085474554889062,0.8423236514522822
smoking,0.5335,265,202,63,0.7622641509433963,0.7074926674087565,0.8381742738589212
smoking,0.5352,264,201,63,0.7613636363636364,0.7064302431592911,0.8340248962655602
smoking,0.5369,263,201,62,0.7642585551330798,0.7093840456033708,0.8340248962655602
smoking,0.5386,262,200,62,0.7633587786259542,0.7083204380224535,0.8298755186721992
smoking,0.5404,261,199,62,0.7624521072796935,0.7072490433281009,0.8257261410788381
smoking,0.5421,260,199,61,0.7653846153846153,0.7102426795536124,0.8257261410788381
smoking,0.5438,259,198,61,0.7644787644787645,0.7091701307017549,0.8215767634854771
smoking,0.5456,258,197,61,0.7635658914728682,0.7080896394162809,0.8174273858921162
smoking,0.5473,257,197,60,0.7665369649805448,0.7111241975678673,0.8174273858921162
smoking,0.549,256,196,60,0.765625,0.7100425844940101,0.8132780082987552
smoking,0.5508,255,195,60,0.7647058823529411,0.7089528691278014,0.8091286307053942
smoking,0.5525,254,195,59,0.7677165354330708,0.7120294825531228,0.8091286307053942
smoking,0.5542,253,194,59,0.766798418972332,0.7109386812262201,0.8049792531120332
smoking,0.5559,252,193,59,0.7658730158730159,0.7098396130402104,0.8008298755186722
smoking,0.5577,251,193,58,0.7689243027888446,0.7129594628328404,0.8008298755186722
smoking,0.5594,250,192,58,0.768,0.711859348258913,0.7966804979253111
smoking,0.5611,249,191,58,0.7670682730923695,0.7107507973743626,0.7925311203319502
smoking,0.5629,248,191,57,0.7701612903225806,0.7139151150986858,0.7925311203319502
smoking,0.5646,247,190,57,0.7692307692307693,0.7128055614560049,0.7883817427385892
smoking,0.5663,246,189,57,0.7682926829268293,0.7116873969821039,0.7842323651452282
smoking,0.568,245,189,56,0.7714285714285715,0.71489746759616,0.7842323651452282
smoking,0.5698,244,188,56,0.7704918032786885,0.7137783483907757,0.7800829875518672
smoking,0.5715,243,187,56,0.7695473251028807,0.7126504385722802,0.7759336099585062
smoking,0.5732,242,187,55,0.7727272727272727,0.7159076035661704,0.7759336099585062
smoking,0.575,241,186,55,0.7717842323651453,0.7147787918102835,0.7717842323651453
smoking,0.5767,240,185,55,0.7708333333333334,0.713641004197678,0.7676348547717843
smoking,0.5784,239,185,54,0.7740585774058577,0.7169466649670162,0.7676348547717843
smoking,0.5802,238,184,54,0.773109243697479,0.7158080333830027,0.7634854771784232
smoking,0.5819,237,183,54,0.7721518987341772,0.7146602350279976,0.7593360995850622
smoking,0.5836,236,183,53,0.7754237288135594,0.7180158565039932,0.7593360995850622
smoking,0.5853,235,182,53,0.774468085106383,0.7168672777572505,0.7551867219917012
smoking,0.5871,234,181,53,0.7735042735042735,0.7157093354367831,0.7510373443983402
smoking,0.5888,233,181,52,0.776824034334764,0.7191164499969149,0.7510373443983402
smoking,0.5905,232,180,52,0.7758620689655172,0.7179577969611043,0.7468879668049793
smoking,0.5923,231,179,52,0.7748917748917749,0.7167895774334209,0.7427385892116183
smoking,0.594,230,179,51,0.7782608695652173,0.7202497891193349,0.7427385892116183
smoking,0.5957,229,178,51,0.777292576419214,0.7190809351780605,0.7385892116182573
smoking,0.5974,228,177,51,0.7763157894736842,0.7179023054749298,0.7344398340248963
smoking,0.5992,227,177,50,0.7797356828193832,0.7214172945472191,0.7344398340248963
smoking,0.6009,226,176,50,0.7787610619469026,0.7202381139367094,0.7302904564315352
smoking,0.6026,225,175,50,0.7777777777777778,0.7190489416963456,0.7261410788381742
smoking,0.6044,224,175,49,0.78125,0.722620469559305,0.7261410788381742
smoking,0.6061,223,174,49,0.7802690582959642,0.7214308377572729,0.7219917012448133
smoking,0.6078,222,173,49,0.7792792792792793,0.7202309916031616,0.7178423236514523
smoking,0.6095,221,173,48,0.7828054298642534,0.7238609061365039,0.7178423236514523
smoking,0.6113,220,172,48,0.7818181818181819,0.7226607003030479,0.7136929460580913
smoking,0.613,219,171,48,0.7808219178082192,0.7214500502745688,0.7095435684647303
smoking,0.6147,218,171,47,0.7844036697247706,0.7251402916135296,0.7095435684647303
smoking,0.6165,217,170,47,0.783410138248848,0.7239293910907377,0.7053941908713693
smoking,0.6182,216,169,47,0.7824074074074074,0.7227078091322775,0.7012448132780082
smoking,0.6199,215,169,46,0.786046511627907,0.7264604159426041,0.7012448132780082
smoking,0.6217,214,168,46,0.7850467289719626,0.7252387028204293,0.6970954356846473
smoking,0.6234,213,167,46,0.784037558685446,0.7240060633366047,0.6929460580912863
smoking,0.6251,212,167,45,0.7877358490566038,0.7278231796367213,0.6929460580912863
smoking,0.6268,211,166,45,0.7867298578199052,0.7265905393937503,0.6887966804979253
smoking,0.6286,210,165,45,0.7857142857142857,0.7253467198794229,0.6846473029045643
smoking,0.6303,209,165,44,0.7894736842105263,0.7292306024687155,0.6846473029045643
smoking,0.632,208,164,44,0.7884615384615384,0.7279869246976587,0.6804979253112033
smoking,0.6338,207,163,44,0.7874396135265701,0.7267318064526509,0.6763485477178424
smoking,0.6355,206,163,43,0.7912621359223301,0.7306848330124762,0.6763485477178424
smoking,0.6372,205,162,43,0.7902439024390244,0.7294300122416062,0.6721991701244814
smoking,0.6389,204,161,43,0.7892156862745098,0.7281634811814424,0.6680497925311203
smoking,0.6407,203,161,42,0.7931034482758621,0.7321881591242901,0.6680497925311203
smoking,0.6424,202,160,42,0.7920792079207921,0.7309220957476699,0.6639004149377593
smoking,0.6441,201,159,42,0.7910447761194029,0.7296440433233125,0.6597510373443983
smoking,0.6459,200,159,41,0.795,0.7337430194757749,0.6597510373443983
smoking,0.6476,199,158,41,0.7939698492462312,0.7324656208069941,0.6556016597510373
smoking,0.6493,198,157,41,0.7929292929292929,0.731175945048446,0.6514522821576764
smoking,0.6511,197,157,40,0.7969543147208121,0.7353520162655163,0.6514522821576764
smoking,0.6528,196,156,40,0.7959183673469388,0.7340631977318307,0.6473029045643154
smoking,0.6545,195,155,40,0.7948717948717948,0.7327618044326937,0.6431535269709544
smoking,0.6562,194,155,39,0.7989690721649485,0.7370179292547346,0.6431535269709544
smoking,0.658,193,154,39,0.7979274611398963,0.7357176157510416,0.6390041493775933
smoking,0.6597,192,153,39,0.796875,0.7344044198137054,0.6348547717842323
smoking,0.6614,191,153,38,0.8010471204188482,0.7387437312935834,0.6348547717842323
smoking,0.6632,190,152,38,0.8,0.7374318587186325,0.6307053941908713
smoking,0.6649,189,151,38,0.798941798941799,0.7361067856827838,0.6265560165975104
smoking,0.6666,188,151,37,0.8031914893617021,0.7405326055296216,0.6265560165975104
smoking,0.6683,187,150,37,0.8021390374331551,0.7392091225303249,0.6224066390041494
smoking,0.6701,186,149,37,0.8010752688172043,0.7378721103110071,0.6182572614107884
smoking,0.6718,185,149,36,0.8054054054054054,0.7423879645193214,0.6182572614107884
smoking,0.6735,184,148,36,0.8043478260869565,0.741052834473102,0.6141078838174274
smoking,0.6753,183,147,36,0.8032786885245902,0.739703835338709,0.6099585062240664
smoking,0.677,182,147,35,0.8076923076923077,0.7443134714980923,0.6099585062240664
smoking,0.6787,181,146,35,0.8066298342541437,0.742966674767998,0.6058091286307054
smoking,0.6805,180,145,35,0.8055555555555556,0.7416056575934763,0.6016597510373444
smoking,0.6822,179,145,34,0.8100558659217877,0.7463130641053258,0.6016597510373444
smoking,0.6839,178,144,34,0.8089887640449438,0.7449546006082931,0.5975103734439834
smoking,0.6856,177,143,34,0.807909604519774,0.7435815534446091,0.5933609958506224
smoking,0.6874,176,143,33,0.8125,0.7483909809097895,0.5933609958506224
smoking,0.6891,175,142,33,0.8114285714285714,0.7470208730451313,0.5892116182572614
smoking,0.6908,174,141,33,0.8103448275862069,0.745635806052902,0.5850622406639004
smoking,0.6926,173,141,32,0.815028901734104,0.7505517911390538,0.5850622406639004
smoking,0.6943,172,140,32,0.813953488372093,0.7491700871321986,0.5809128630705395
smoking,0.696,171,139,32,0.8128654970760234,0.7477730359355237,0.5767634854771784
smoking,0.6977,170,139,31,0.8176470588235294,0.7528004280867324,0.5767634854771784
smoking,0.6995,169,138,31,0.8165680473372781,0.7514072058127054,0.5726141078838174
smoking,0.7012,168,137,31,0.8154761904761905,0.7499982353389394,0.5684647302904564
smoking,0.7029,167,137,30,0.8203592814371258,0.7551422267559108,0.5684647302904564
smoking,0.7047,166,136,30,0.8192771084337349,0.7537375981183805,0.5643153526970954
smoking,0.7064,165,135,30,0.8181818181818182,0.7523168070011937,0.5601659751037344
smoking,0.7081,164,135,29,0.823170731707317,0.7575829663998186,0.5601659751037344
smoking,0.7098,163,134,29,0.8220858895705522,0.7561670823551124,0.5560165975103735
smoking,0.7116,162,133,29,0.8209876543209876,0.7547346079921343,0.5518672199170125
smoking,0.7133,161,133,28,0.8260869565217391,0.7601289187461054,0.5518672199170125
smoking,0.715,160,132,28,0.825,0.7587019750779815,0.5477178423236515
smoking,0.7168,159,131,28,0.8238993710691824,0.7572579994511393,0.5435684647302904
smoking,0.7185,158,131,27,0.8291139240506329,0.7627869028449865,0.5435684647302904
smoking,0.7202,157,130,27,0.8280254777070064,0.7613491468157608,0.5394190871369294
smoking,0.722,156,129,27,0.8269230769230769,0.75989390320279,0.5352697095435685
smoking,0.7237,155,129,26,0.832258064516129,0.7655643476717899,0.5352697095435685
smoking,0.7254,154,128,26,0.8311688311688312,0.7641160856995048,0.5311203319502075
smoking,0.7271,153,127,26,0.8300653594771242,0.7626498664298917,0.5269709543568465
smoking,0.7289,152,127,25,0.8355263157894737,0.7684693638513513,0.5269709543568465
smoking,0.7306,151,126,25,0.8344370860927153,0.7670109703920951,0.5228215767634855
smoking,0.7323,150,125,25,0.8333333333333334,0.765534135830992,0.5186721991701245
smoking,0.7341,149,125,24,0.8389261744966443,0.7715108261690149,0.5186721991701245
smoking,0.7358,148,124,24,0.8378378378378378,0.7700427540196234,0.5145228215767634
smoking,0.7375,147,123,24,0.8367346938775511,0.7685557430005091,0.5103734439834025
smoking,0.7392,146,123,23,0.8424657534246576,0.7746984689092299,0.5103734439834025
smoking,0.741,145,122,23,0.8413793103448276,0.7732212611902117,0.5062240663900415
smoking,0.7427,144,121,23,0.8402777777777778,0.7717246031630562,0.5020746887966805
smoking,0.7444,143,121,22,0.8461538461538461,0.7780429965432464,0.5020746887966805
smoking,0.7462,142,120,22,0.8450704225352113,0.7765573006771804,0.4979253112033195
smoking,0.7479,141,119,22,0.8439716312056738,0.7750516298960687,0.49377593360995853
smoking,0.7496,140,119,21,0.85,0.7815562129072435,0.49377593360995853
smoking,0.7514,139,118,21,0.8489208633093526,0.7800627969772042,0.4896265560165975
smoking,0.7531,138,117,21,0.8478260869565217,0.7785488691229402,0.4854771784232365
smoking,0.7548,137,117,20,0.8540145985401459,0.7852511728205748,0.4854771784232365
smoking,0.7565,136,116,20,0.8529411764705882,0.7837509447804334,0.48132780082987553
smoking,0.7583,135,115,20,0.8518518518518519,0.7822296565038824,0.47717842323651455
smoking,0.76,134,115,19,0.8582089552238806,0.7891423611607533,0.47717842323651455
smoking,0.7617,133,114,19,0.8571428571428571,0.7876363914800617,0.4730290456431535
smoking,0.7635,132,113,19,0.8560606060606061,0.7861088034666418,0.46887966804979253
smoking,0.7652,131,113,18,0.8625954198473282,0.7932459058387804,0.46887966804979253
smoking,0.7669,130,112,18,0.8615384615384616,0.7917354543069554,0.46473029045643155
smoking,0.7686,129,111,18,0.8604651162790697,0.7902028186096904,0.4605809128630705
smoking,0.7704,128,111,17,0.8671875,0.7975798330550461,0.4605809128630705
smoking,0.7721,127,110,17,0.8661417322834646,0.7960663806533178,0.45643153526970953
smoking,0.7738,126,109,17,0.8650793650793651,0.7945301732321681,0.45228215767634855
smoking,0.7756,125,109,16,0.872,0.8021643758872009,0.45228215767634855
smoking,0.7773,124,108,16,0.8709677419354839,0.800649662877178,0.44813278008298757
smoking,0.779,123,107,16,0.8699186991869918,0.799111622531477,0.44398340248962653
smoking,0.7808,122,107,15,0.8770491803278688,0.8070223510127792,0.44398340248962653
smoking,0.7825,121,106,15,0.8760330578512396,0.8055084227089188,0.43983402489626555
smoking,0.7842,120,105,15,0.875,0.8039705979199261,0.43568464730290457
smoking,0.7859,119,105,14,0.8823529411764706,0.8121796237448504,0.43568464730290457
smoking,0.7877,118,104,14,0.8813559322033898,0.8106688858660446,0.4315352697095436
smoking,0.7894,117,103,14,0.8803418803418803,0.8091336915104884,0.42738589211618255
smoking,0.7911,116,103,13,0.8879310344827587,0.8176656894377012,0.42738589211618255
smoking,0.7929,115,102,13,0.8869565217391304,0.8161609755177397,0.42323651452282157
smoking,0.7946,114,101,13,0.8859649122807017,0.8146312620197502,0.4190871369294606
smoking,0.7963,113,101,12,0.8938053097345132,0.8235144111649059,0.4190871369294606
smoking,0.798,112,100,12,0.8928571428571429,0.8220190653154162,0.4149377593360996
smoking,0.7998,111,99,12,0.8918918918918919,0.8204982036488334,0.4107883817427386
smoking,0.8015,110,99,11,0.9,0.8297649719024333,0.4107883817427386
smoking,0.8032,109,98,11,0.8990825688073395,0.8282829513804871,0.4066390041493776
smoking,0.805,108,97,11,0.8981481481481481,0.8267749385359172,0.4024896265560166
smoking,0.8067,107,97,10,0.9065420560747663,0.8364631287640076,0.4024896265560166
smoking,0.8084,106,96,10,0.9056603773584906,0.834999132489902,0.3983402489626556
smoking,0.8102,105,95,10,0.9047619047619048,0.8335087237779634,0.3941908713692946
smoking,0.8119,104,95,9,0.9134615384615384,0.8436629055250897,0.3941908713692946
smoking,0.8136,103,94,9,0.912621359223301,0.8422225372494129,0.3900414937759336
smoking,0.8153,102,93,9,0.9117647058823529,0.8407554144604859,0.38589211618257263
smoking,0.8171,101,93,8,0.9207920792079208,0.8514289441723368,0.38589211618257263
smoking,0.8188,100,92,8,0.92,0.8500189229905127,0.3817427385892116
smoking,0.8205,99,91,8,0.9191919191919192,0.8485819115773596,0.3775933609958506
smoking,0.8223,98,91,7,0.9285714285714286,0.8598398906366204,0.3775933609958506
smoking,0.824,97,90,7,0.9278350515463918,0.8584683281060499,0.37344398340248963
smoking,0.8257,96,89,7,0.9270833333333334,0.8570696833485981,0.36929460580912865
smoking,0.8274,95,89,6,0.9368421052631579,0.8689934899993075,0.36929460580912865
smoking,0.8292,94,88,6,0.9361702127659575,0.8676702644900564,0.3651452282157676
smoking,0.8309,93,87,6,0.9354838709677419,0.8663200583761685,0.36099585062240663
smoking,0.8326,92,87,5,0.9456521739130435,0.8790146952375347,0.36099585062240663
smoking,0.8344,91,86,5,0.945054945054945,0.8777519753271708,0.35684647302904565
smoking,0.8361,90,85,5,0.9444444444444444,0.8764626377820048,0.35269709543568467
smoking,0.8378,89,85,4,0.9550561797752809,0.8900695404028713,0.35269709543568467
smoking,0.8395,88,84,4,0.9545454545454546,0.8888825522678234,0.34854771784232363
smoking,0.8413,87,83,4,0.9540229885057471,0.8876696649201269,0.34439834024896265
smoking,0.843,86,83,3,0.9651162790697675,0.9023912889743925,0.34439834024896265
smoking,0.8447,85,82,3,0.9647058823529412,0.9012995216039356,0.34024896265560167
smoking,0.8465,84,81,3,0.9642857142857143,0.9001830642748655,0.3360995850622407
smoking,0.8482,83,81,2,0.9759036144578314,0.9163369075658369,0.3360995850622407
smoking,0.8499,82,80,2,0.975609756097561,0.9153662160893606,0.33195020746887965
smoking,0.8517,81,79,2,0.9753086419753086,0.9143727407780348,0.3278008298755187
smoking,0.8534,80,79,1,0.9875,0.9325372992233135,0.3278008298755187
smoking,0.8551,79,78,1,0.9873417721518988,0.9317242812303405,0.3236514522821577
smoking,0.8568,78,77,1,0.9871794871794872,0.9308914299829779,0.31950207468879666
smoking,0.8586,77,77,0,1.0,0.9524815747175658,0.31950207468879666
smoking,0.8603,76,76,0,1.0,0.9518864149348628,0.3153526970954357
smoking,0.862,75,75,0,1.0,0.9512761575171942,0.3112033195020747
smoking,0.8638,74,74,0,1.0,0.9506502206036139,0.3070539419087137
smoking,0.8655,73,73,0,1.0,0.950007992044269,0.3029045643153527
smoking,0.8672,72,72,0,1.0,0.9493488274035422,0.2987551867219917
smoking,0.8689,71,71,0,1.0,0.9486720478031097,0.2946058091286307
smoking,0.8707,70,70,0,1.0,0.947976937589733,0.29045643153526973
smoking,0.8724,69,69,0,1.0,0.9472627418109483,0.2863070539419087
smoking,0.8741,68,68,0,1.0,0.9465286634799295,0.2821576763485477
smoking,0.8759,67,67,0,1.0,0.9457738606086983,0.27800829875518673
smoking,0.8776,66,66,0,1.0,0.9449974429864588,0.27385892116182575
smoking,0.8793,65,65,0,1.0,0.9441984686771432,0.2697095435684647
smoking,0.8811,64,64,0,1.0,0.9433759402071946,0.26556016597510373
smoking,0.8828,63,63,0,1.0,0.9425288004111483,0.26141078838174275
smoking,0.8845,62,62,0,1.0,0.9416559278986275,0.2572614107883817
smoking,0.8862,61,61,0,1.0,0.9407561321018872,0.25311203319502074
smoking,0.888,60,60,0,1.0,0.93982814785791,0.24896265560165975
smoking,0.8897,59,59,0,1.0,0.9388706294732116,0.24481327800829875
smoking,0.8914,58,58,0,1.0,0.9378821442127971,0.24066390041493776
smoking,0.8932,57,57,0,1.0,0.9368611651470212,0.23651452282157676
smoking,0.8949,56,56,0,1.0,0.9358060632812366,0.23236514522821577
smoking,0.8966,55,55,0,1.0,0.9347150988829135,0.22821576763485477
smoking,0.8983,54,54,0,1.0,0.9335864119091036,0.22406639004149378
smoking,0.9001,53,53,0,1.0,0.9324180114234583,0.21991701244813278
smoking,0.9018,52,52,0,1.0,0.9312077638761377,0.2157676348547718
smoking,0.9035,51,51,0,1.0,0.9299533801014684,0.21161825726141079
smoking,0.9053,50,50,0,1.0,0.9286524008666414,0.2074688796680498
smoking,0.907,49,49,0,1.0,0.9273021807795037,0.2033195020746888
smoking,0.9087,48,48,0,1.0,0.9258998703338824,0.1991701244813278
smoking,0.9105,47,47,0,1.0,0.9244423958360036,0.1950207468879668
smoking,0.9122,46,46,0,1.0,0.9229264369144196,0.1908713692946058
smoking,0.9139,45,45,0,1.0,0.9213484012671117,0.18672199170124482
smoking,0.9156,44,44,0,1.0,0.9197043962415193,0.1825726141078838
smoking,0.9174,43,43,0,1.0,0.9179901967742088,0.17842323651452283
smoking,0.9191,42,42,0,1.0,0.916201209134296,0.17427385892116182
smoking,0.9208,41,41,0,1.0,0.9143324298155683,0.17012448132780084
smoking,0.9226,40,40,0,1.0,0.9123783988027133,0.16597510373443983
smoking,0.9243,39,39,0,1.0,0.9103331462924287,0.16182572614107885
smoking,0.926,38,38,0,1.0,0.9081901317744159,0.15767634854771784
smoking,0.9277,37,37,0,1.0,0.9059421741627975,0.15352697095435686
smoking,0.9295,36,36,0,1.0,0.9035813714055363,0.14937759336099585
smoking,0.9312,35,35,0,1.0,0.901099007675596,0.14522821576763487
smoking,0.9329,34,34,0,1.0,0.8984854458466763,0.14107883817427386
smoking,0.9347,33,33,0,1.0,0.8957300024575479,0.13692946058091288
smoking,0.9364,32,32,0,1.0,0.8928208017449295,0.13278008298755187
smoking,0.9381,31,31,0,1.0,0.889744604539564,0.12863070539419086
smoking,0.9398,30,30,0,1.0,0.8864866068260313,0.12448132780082988
smoking,0.9416,29,29,0,1.0,0.8830302015002593,0.12033195020746888
smoking,0.9433,28,28,0,1.0,0.8793566952341545,0.11618257261410789
smoking,0.945,27,27,0,1.0,0.8754449702581331,0.11203319502074689
smoking,0.9468,26,26,0,1.0,0.8712710781407849,0.1078838174273859
smoking,0.9485,25,25,0,1.0,0.8668077490609516,0.1037344398340249
smoking,0.9502,24,24,0,1.0,0.8620237953250198,0.0995850622406639
smoking,0.952,23,23,0,1.0,0.8568833815495732,0.0954356846473029
smoking,0.9537,22,22,0,1.0,0.8513451253913792,0.0912863070539419
smoking,0.9554,21,21,0,1.0,0.8453609810751531,0.08713692946058091
smoking,0.9571,20,20,0,1.0,0.8388748419471806,0.08298755186721991
smoking,0.9589,19,19,0,1.0,0.8318207759473837,0.07883817427385892
smoking,0.9606,18,18,0,1.0,0.8241207763533424,0.07468879668049792
smoking,0.9623,17,17,0,1.0,0.8156818649911481,0.07053941908713693
smoking,0.9641,16,16,0,1.0,0.8063923194655637,0.06639004149377593
smoking,0.9658,15,15,0,1.0,0.7961166989641514,0.06224066390041494
smoking,0.9675,14,14,0,1.0,0.7846891972623643,0.058091286307053944
smoking,0.9692,13,13,0,1.0,0.7719046276458016,0.05394190871369295
smoking,0.971,12,12,0,1.0,0.7575059933447592,0.04979253112033195
smoking,0.9727,11,11,0,1.0,0.7411670330319684,0.04564315352697095
smoking,0.9744,10,10,0,1.0,0.7224672001371109,0.04149377593360996
smoking,0.9762,9,9,0,1.0,0.7008549515804561,0.03734439834024896
smoking,0.9779,8,8,0,1.0,0.6755924351161198,0.03319502074688797
smoking,0.9796,7,7,0,1.0,0.6456695649333126,0.029045643153526972
smoking,0.9814,6,6,0,1.0,0.6096657120978348,0.024896265560165973
smoking,0.9831,5,5,0,1.0,0.5655175352168254,0.02074688796680498
smoking,0.9848,4,4,0,1.0,0.5101091635454028,0.016597510373443983
smoking,0.9865,3,3,0,1.0,0.43850296824495466,0.012448132780082987
smoking,0.9883,2,2,0,1.0,0.3423802275066532,0.008298755186721992
smoking,0.99,1,1,0,1.0,0.2065493143772375,0.004149377593360996
tractor,0.3,400,281,119,0.7025,0.6559450648860605,1.0
tractor,0.3017,399,281,118,0.7042606516290727,0.6577044367580336,1.0
tractor,0.3035,398,281,117,0.7060301507537688,0.6594736156677976,1.0
tractor,0.3052,397,280,117,0.7052896725440806,0.6586472629867303,0.99644128113879
tractor,0.3069,396,280,116,0.7070707070707071,0.6604285083190619,0.99644128113879
tractor,0.3086,395,280,115,0.7088607594936709,0.6622197730743992,0.99644128113879
tractor,0.3104,394,280,114,0.7106598984771574,0.6640211479883306,0.99644128113879
tractor,0.3121,393,280,113,0.712468193384224,0.6658327250337893,0.99644128113879
tractor,0.3138,392,280,112,0.7142857142857143,0.6676545974462781,0.99644128113879
tractor,0.3156,391,280,111,0.7161125319693095,0.6694868597498481,0.99644128113879
tractor,0.3173,390,280,110,0.717948717948718,0.6713296077838677,0.99644128113879
tractor,0.319,389,279,110,0.7172236503856041,0.6705152181935452,0.9928825622775801
tractor,0.3208,388,279,109,0.7190721649484536,0.6723709811256564,0.9928825622775801
tractor,0.3225,387,279,108,0.7209302325581395,0.6742374648945182,0.9928825622775801
tractor,0.3242,386,279,107,0.7227979274611399,0.6761147700188599,0.9928825622775801
tractor,0.3259,385,279,106,0.7246753246753247,0.6780029984580471,0.9928825622775801
tractor,0.3277,384,279,105,0.7265625,0.679902253643538,0.9928825622775801
tractor,0.3294,383,279,104,0.7284595300261096,0.681812640511361,0.9928825622775801
tractor,0.3311,382,279,103,0.7303664921465969,0.6837342655356612,0.9928825622775801
tractor,0.3329,381,278,103,0.7296587926509186,0.6829337284218571,0.9893238434163701
tractor,0.3346,380,278,102,0.7315789473684211,0.6848694220473814,0.9893238434163701
tractor,0.3363,379,278,101,0.7335092348284961,0.686816615299299,0.9893238434163701
tractor,0.338,378,278,100,0.7354497354497355,0.6887754201208027,0.9893238434163701
tractor,0.3398,377,278,99,0.7374005305039788,0.6907459501505063,0.9893238434163701
tractor,0.3415,376,278,98,0.7393617021276596,0.692728320762393,0.9893238434163701
tractor,0.3432,375,278,97,0.7413333333333333,0.6947226491071825,0.9893238434163701
tractor,0.345,374,278,96,0.7433155080213903,0.6967290541551837,0.9893238434163701
tractor,0.3467,373,277,96,0.7426273458445041,0.6959444902100087,0.9857651245551602
tractor,0.3484,372,277,95,0.7446236559139785,0.6979661397817563,0.9857651245551602
tractor,0.3502,371,277,94,0.7466307277628033,0.7000001584216242,0.9857651245551602
tractor,0.3519,370,277,93,0.7486486486486487,0.7020466715655492,0.9857651245551602
tractor,0.3536,369,277,92,0.7506775067750677,0.7041058066704698,0.9857651245551602
tractor,0.3553,368,277,91,0.7527173913043478,0.7061776932661629,0.9857651245551602
tractor,0.3571,367,277,90,0.7547683923705722,0.7082624630091024,0.9857651245551602
tractor,0.3588,366,277,89,0.7568306010928961,0.7103602497384524,0.9857651245551602
tractor,0.3605,365,276,89,0.7561643835616438,0.709594044606381,0.9822064056939501
tractor,0.3623,364,276,88,0.7582417582417582,0.711708395135838,0.9822064056939501
tractor,0.364,363,276,87,0.7603305785123967,0.7138360916566211,0.9822064056939501
tractor,0.3657,362,276,86,0.7624309392265194,0.7159772757582771,0.9822064056939501
tractor,0.3674,361,276,85,0.7645429362880887,0.718132091477085,0.9822064056939501
tractor,0.3692,360,276,84,0.7666666666666667,0.720300685365055,0.9822064056939501
tractor,0.3709,359,276,83,0.7688022284122563,0.7224832065619097,0.9822064056939501
tractor,0.3726,358,276,82,0.770949720670391,0.7246798068702254,0.9822064056939501
tractor,0.3744,357,275,82,0.7703081232492998,0.7239346510820927,0.9786476868327402
tractor,0.3761,356,275,81,0.7724719101123596,0.7261493046269062,0.9786476868327402
tractor,0.3778,355,275,80,0.7746478873239436,0.7283784103797477,0.9786476868327402
tractor,0.3795,354,275,79,0.7768361581920904,0.7306221295926734,0.9786476868327402
tractor,0.3813,353,275,78,0.7790368271954674,0.732880626536655,0.9786476868327402
tractor,0.383,352,275,77,0.78125,0.7351540685962563,0.9786476868327402
tractor,0.3847,351,275,76,0.7834757834757835,0.73744262636888,0.9786476868327402
tractor,0.3865,350,275,75,0.7857142857142857,0.7397464737688907,0.9786476868327402
tractor,0.3882,349,274,75,0.7851002865329513,0.7390254105696002,0.9750889679715302
tractor,0.3899,348,274,74,0.7873563218390804,0.7413490056240803,0.9750889679715302
tractor,0.3917,347,274,73,0.7896253602305475,0.7436883174301653,0.9750889679715302
tractor,0.3934,346,274,72,0.791907514450867,0.7460435316691383,0.9750889679715302
tractor,0.3951,345,274,71,0.7942028985507247,0.74841483783601,0.9750889679715302
tractor,0.3968,344,274,70,0.7965116279069767,0.7508024293742573,0.9750889679715302
tractor,0.3986,343,274,69,0.7988338192419825,0.7532065038179013,0.9750889679715302
tractor,0.4003,342,274,68,0.8011695906432749,0.7556272629414592,0.9750889679715302
tractor,0.402,341,273,68,0.8005865102639296,0.754933746210508,0.9715302491103203
tractor,0.4038,340,273,67,0.8029411764705883,0.7573761989727288,0.9715302491103203
tractor,0.4055,339,273,66,0.8053097345132744,0.7598358312702171,0.9715302491103203
tractor,0.4072,338,273,65,0.8076923076923077,0.7623128599261185,0.9715302491103203
tractor,0.4089,337,273,64,0.8100890207715133,0.7648075067263934,0.9715302491103203
tractor,0.4107,336,273,63,0.8125,0.7673199986202642,0.9715302491103203
tractor,0.4124,335,273,62,0.8149253731343283,0.7698505679330904,0.9715302491103203
tractor,0.4141,334,273,61,0.8173652694610778,0.7723994525926973,0.9715302491103203
tractor,0.4159,333,272,61,0.8168168168168168,0.7717374179725274,0.9679715302491103
tractor,0.4176,332,272,60,0.8192771084337349,0.7743102584672288,0.9679715302491103
tractor,0.4193,331,272,59,0.8217522658610272,0.7769019965974514,0.9679715302491103
tractor,0.4211,330,272,58,0.8242424242424242,0.7795128902060933,0.9679715302491103
tractor,0.4228,329,272,57,0.8267477203647416,0.7821432038434599,0.9679715302491103
tractor,0.4245,328,272,56,0.8292682926829268,0.7847932090821277,0.9679715302491103
tractor,0.4262,327,272,55,0.8318042813455657,0.7874631848542837,0.9679715302491103
tractor,0.428,326,272,54,0.8343558282208589,0.7901534178136641,0.9679715302491103
tractor,0.4297,325,271,54,0.8338461538461538,0.7895273716489388,0.9644128113879004
tractor,0.4314,324,271,53,0.8364197530864198,0.7922442327860825,0.9644128113879004
tractor,0.4332,323,271,52,0.8390092879256966,0.7949820506647742,0.9644128113879004
tractor,0.4349,322,271,51,0.8416149068322981,0.7977411394955701,0.9644128113879004
tractor,0.4366,321,271,50,0.8442367601246106,0.8005218230109319,0.9644128113879004
tractor,0.4383,320,271,49,0.846875,0.8033244349945157,0.9644128113879004
tractor,0.4401,319,271,48,0.8495297805642633,0.8061493198545695,0.9644128113879004
tractor,0.4418,318,271,47,0.8522012578616353,0.808996833246259,0.9644128113879004
tractor,0.4435,317,270,47,0.8517350157728707,0.8084119665102398,0.9608540925266904
tractor,0.4453,316,270,46,0.8544303797468354,0.8112893352747153,0.9608540925266904
tractor,0.447,315,270,45,0.8571428571428571,0.8141901976084881,0.9608540925266904
tractor,0.4487,314,270,44,0.8598726114649682,0.8171149496226932,0.9608540925266904
tractor,0.4505,313,270,43,0.8626198083067093,0.8200640018532371,0.9608540925266904
tractor,0.4522,312,270,42,0.8653846153846154,0.8230377802309407,0.9608540925266904
tractor,0.4539,311,270,41,0.8681672025723473,0.8260367271477453,0.9608540925266904
tractor,0.4556,310,270,40,0.8709677419354839,0.829061302631334,0.9608540925266904
tractor,0.4574,309,269,40,0.8705501618122977,0.8285236418188973,0.9572953736654805
tractor,0.4591,308,269,39,0.8733766233766234,0.8315820950859726,0.9572953736654805
tractor,0.4608,307,269,38,0.8762214983713354,0.8346672921956455,0.9572953736654805
tractor,0.4626,306,269,37,0.8790849673202614,0.8377797575364548,0.9572953736654805
tractor,0.4643,305,269,36,0.8819672131147541,0.8409200393592833,0.9572953736654805
tractor,0.466,304,269,35,0.8848684210526315,0.8440887117704363,0.9572953736654805
tractor,0.4677,303,269,34,0.8877887788778878,0.8472863769649625,0.9572953736654805
tractor,0.4695,302,269,33,0.890728476821192,0.8505136677375588,0.9572953736654805
tractor,0.4712,301,268,33,0.8903654485049833,0.850030284573842,0.9537366548042705
tractor,0.4729,300,268,32,0.8933333333333333,0.8532967116826325,0.9537366548042705
tractor,0.4747,299,268,31,0.8963210702341137,0.8565942963567017,0.9537366548042705
tractor,0.4764,298,268,30,0.8993288590604027,0.8599237859558928,0.9537366548042705
tractor,0.4781,297,268,29,0.9023569023569024,0.8632859725029519,0.9537366548042705
tractor,0.4798,296,268,28,0.9054054054054054,0.866681697478746,0.9537366548042705
tractor,0.4816,295,268,27,0.9084745762711864,0.8701118573467441,0.9537366548042705
tractor,0.4833,294,268,26,0.9115646258503401,0.8735774099495586,0.9537366548042705
tractor,0.485,293,267,26,0.9112627986348123,0.8731567347175951,0.9501779359430605
tractor,0.4868,292,266,26,0.910958904109589,0.8727332522604282,0.9466192170818505
tractor,0.4885,291,265,26,0.9106529209621993,0.8723069344034199,0.9430604982206405
tractor,0.4902,290,264,26,0.9103448275862069,0.8718777525939108,0.9395017793594306
tractor,0.492,289,263,26,0.9100346020761245,0.871445677894863,0.9359430604982206
tractor,0.4937,288,263,25,0.9131944444444444,0.8749989189086675,0.9359430604982206
tractor,0.4954,287,262,25,0.9128919860627178,0.8745743517659956,0.9323843416370107
tractor,0.4971,286,261,25,0.9125874125874126,0.8741468924720587,0.9288256227758007
tractor,0.4989,285,260,25,0.9122807017543859,0.8737165113934844,0.9252669039145908
tractor,0.5006,284,259,25,0.9119718309859155,0.8732831784909677,0.9217081850533808
tractor,0.5023,283,258,25,0.911660777385159,0.872846863312302,0.9181494661921709
tractor,0.5041,282,258,24,0.9148936170212766,0.8764924543779686,0.9181494661921709
tractor,0.5058,281,257,24,0.9145907473309609,0.8760640776836705,0.9145907473309609
tractor,0.5075,280,256,24,0.9142857142857143,0.8756327208558036,0.9110320284697508
tractor,0.5092,279,255,24,0.9139784946236559,0.8751983527078149,0.9074733096085409
tractor,0.511,278,254,24,0.9136690647482014,0.8747609416167877,0.9039145907473309
tractor,0.5127,277,253,24,0.9133574007220217,0.8743204555157882,0.900355871886121
tractor,0.5144,276,253,23,0.9166666666666666,0.8780634544179041,0.900355871886121
tractor,0.5162,275,252,23,0.9163636363636364,0.8776313749258603,0.896797153024911
tractor,0.5179,274,251,23,0.916058394160584,0.877196224233116,0.8932384341637011
tractor,0.5196,273,250,23,0.9157509157509157,0.8767579694989619,0.8896797153024911
tractor,0.5214,272,249,23,0.9154411764705882,0.8763165774131132,0.8861209964412812
tractor,0.5231,271,248,23,0.915129151291513,0.8758720141872932,0.8825622775800712
tractor,0.5248,270,248,22,0.9185185185185185,0.879717923295695,0.8825622775800712
tractor,0.5265,269,247,22,0.9182156133828996,0.8792822763488295,0.8790035587188612
tractor,0.5283,268,246,22,0.917910447761194,0.8788434640482939,0.8754448398576512
tractor,0.53,267,245,22,0.9176029962546817,0.8784014517914294,0.8718861209964412
tractor,0.5317,266,244,22,0.9172932330827067,0.877956204469721,0.8683274021352313
tractor,0.5335,265,243,22,0.9169811320754717,0.8775076864595288,0.8647686832740213
tractor,0.5352,264,243,21,0.9204545454545454,0.8814625092449591,0.8647686832740213
tractor,0.5369,263,242,21,0.9201520912547528,0.8810234637319455,0.8612099644128114
tractor,0.5386,262,241,21,0.9198473282442748,0.8805811556617804,0.8576512455516014
tractor,0.5404,261,240,21,0.9195402298850575,0.8801355485550172,0.8540925266903915
tractor,0.5421,260,239,21,0.9192307692307692,0.8796866053866891,0.8505338078291815
tractor,0.5438,259,238,21,0.918918918918919,0.8792342885760813,0.8469750889679716
tractor,0.5456,258,238,20,0.9224806201550387,0.883304595971615,0.8469750889679716
tractor,0.5473,257,237,20,0.9221789883268483,0.8828623602045091,0.8434163701067615
tractor,0.549,256,236,20,0.921875,0.8824167617091012,0.8398576512455516
tractor,0.5508,255,235,20,0.9215686274509803,0.8819677620071504,0.8362989323843416
tractor,0.5525,254,234,20,0.9212598425196851,0.8815153220314966,0.8327402135231317
tractor,0.5542,253,233,20,0.9209486166007905,0.8810594021147574,0.8291814946619217
tractor,0.5559,252,233,19,0.9246031746031746,0.8852524109925811,0.8291814946619217
tractor,0.5577,251,232,19,0.9243027888446215,0.884807239702315,0.8256227758007118
tractor,0.5594,250,231,19,0.924,0.8843586026895993,0.8220640569395018
tractor,0.5611,249,230,19,0.9236947791164659,0.8839064593482492,0.8185053380782918
tractor,0.5629,248,229,19,0.9233870967741935,0.8834507684356426,0.8149466192170819
tractor,0.5646,247,228,19,0.9230769230769231,0.8829914880602124,0.8113879003558719
tractor,0.5663,246,228,18,0.926829268292683,0.8873151547662577,0.8113879003558719
tractor,0.568,245,227,18,0.926530612244898,0.886867357462435,0.8078291814946619
tractor,0.5698,244,226,18,0.9262295081967213,0.8864159888438916,0.8042704626334519
tractor,0.5715,243,225,18,0.9259259259259259,0.8859610060404526,0.800711743772242
tractor,0.5732,242,224,18,0.9256198347107438,0.8855023654934541,0.797153024911032
tractor,0.575,241,223,18,0.9253112033195021,0.8850400229418753,0.7935943060498221
tractor,0.5767,240,223,17,0.9291666666666667,0.8895031557540064,0.7935943060498221
tractor,0.5784,239,222,17,0.9288702928870293,0.8890531067597207,0.7900355871886121
tractor,0.5802,238,221,17,0.9285714285714286,0.8885993785890698,0.7864768683274022
tractor,0.5819,237,220,17,0.9282700421940928,0.888141925965513,0.7829181494661922
tractor,0.5836,236,219,17,0.9279661016949152,0.8876807028669836,0.7793594306049823
tractor,0.5853,235,218,17,0.9276595744680851,0.8872156625104894,0.7758007117437722
tractor,0.5871,234,218,16,0.9316239316239316,0.8918280581736621,0.7758007117437722
tractor,0.5888,233,217,16,0.9313304721030042,0.8913762087304328,0.7722419928825622
tractor,0.5905,232,216,16,0.9310344827586207,0.8909205704430861,0.7686832740213523
tractor,0.5923,231,215,16,0.9307359307359307,0.8904610954810345,0.7651245551601423
tractor,0.594,230,214,16,0.9304347826086956,0.8899977352056605,0.7615658362989324
tractor,0.5957,229,213,16,0.9301310043668122,0.889530440153192,0.7580071174377224
tractor,0.5974,228,213,15,0.9342105263157895,0.8943030514743872,0.7580071174377224
tractor,0.5992,227,212,15,0.933920704845815,0.8938499444243447,0.7544483985765125
tractor,0.6009,226,211,15,0.9336283185840708,0.8933929376939683,0.7508896797153025
tractor,0.6026,225,210,15,0.9333333333333333,0.8929319807473098,0.7473309608540926
tractor,0.6044,224,209,15,0.9330357142857143,0.8924670221719182,0.7437722419928826
tractor,0.6061,223,208,15,0.9327354260089686,0.8919980096597658,0.7402135231316725
tractor,0.6078,222,208,14,0.9369369369369369,0.8969431537978201,0.7402135231316725
tractor,0.6095,221,207,14,0.9366515837104072,0.8964894415010628,0.7366548042704626
tractor,0.6113,220,206,14,0.9363636363636364,0.8960317183834949,0.7330960854092526
tractor,0.613,219,205,14,0.9360730593607306,0.8955699310514516,0.7295373665480427
tractor,0.6147,218,204,14,0.9357798165137615,0.89510402515981,0.7259786476868327
tractor,0.6165,217,203,14,0.9354838709677419,0.8946339453907132,0.7224199288256228
tractor,0.6182,216,203,13,0.9398148148148148,0.8997655664098385,0.7224199288256228
tractor,0.6199,215,202,13,0.9395348837209302,0.899312032761006,0.7188612099644128
tractor,0.6217,214,201,13,0.9392523364485982,0.8988543780061814,0.7153024911032029
tractor,0.6234,213,200,13,0.9389671361502347,0.8983925457444768,0.7117437722419929
tractor,0.6251,212,199,13,0.9386792452830188,0.8979264785416085,0.708185053380783
tractor,0.6268,211,198,13,0.9383886255924171,0.8974561179061312,0.7046263345195729
tractor,0.6286,210,198,12,0.9428571428571428,0.9027901231463525,0.7046263345195729
tractor,0.6303,209,197,12,0.9425837320574163,0.9023377108412581,0.701067615658363
tractor,0.632,208,196,12,0.9423076923076923,0.9018810695466409,0.697508896797153
tractor,0.6338,207,195,12,0.9420289855072463,0.9014201397134708,0.693950177935943
tractor,0.6355,206,194,12,0.941747572815534,0.9009548606699452,0.6903914590747331
tractor,0.6372,205,193,12,0.9414634146341463,0.9004851705949165,0.6868327402135231
tractor,0.6389,204,193,11,0.946078431372549,0.9060398697822942,0.6868327402135231
tractor,0.6407,203,192,11,0.9458128078817734,0.9055897143929976,0.6832740213523132
tractor,0.6424,202,191,11,0.9455445544554455,0.9051352265882169,0.6797153024911032
tractor,0.6441,201,190,11,0.945273631840796,0.9046763435468064,0.6761565836298933
tractor,0.6459,200,189,11,0.945,0.9042130012276915,0.6725978647686833
tractor,0.6476,199,188,11,0.9447236180904522,0.9037451343401277,0.6690391459074733
tractor,0.6493,198,188,10,0.9494949494949495,0.9095418255163528,0.6690391459074733
tractor,0.6511,197,187,10,0.949238578680203,0.9090952985266888,0.6654804270462633
tractor,0.6528,196,186,10,0.9489795918367347,0.908644342885338,0.6619217081850534
tractor,0.6545,195,185,10,0.9487179487179487,0.9081888924041478,0.6583629893238434
tractor,0.6562,194,184,10,0.9484536082474226,0.9077288795699526,0.6548042704626335
tractor,0.658,193,183,10,0.9481865284974094,0.9072642355112643,0.6512455516014235
tractor,0.6597,192,183,9,0.953125,0.9133280073164382,0.6512455516014235
tractor,0.6614,191,182,9,0.9528795811518325,0.9128867711608313,0.6476868327402135
tractor,0.6632,190,181,9,0.9526315789473684,0.9124410209451347,0.6441281138790036
tractor,0.6649,189,180,9,0.9523809523809523,0.9119906870659695,0.6405693950177936
tractor,0.6666,188,179,9,0.9521276595744681,0.9115356984821243,0.6370106761565836
tractor,0.6683,187,178,9,0.9518716577540107,0.911075982677249,0.6334519572953736
tractor,0.6701,186,178,8,0.956989247311828,0.9174368471655245,0.6334519572953736
tractor,0.6718,185,177,8,0.9567567567567568,0.9170029266998063,0.6298932384341637
tractor,0.6735,184,176,8,0.9565217391304348,0.9165644224588859,0.6263345195729537
tractor,0.6753,183,175,8,0.9562841530054644,0.9161212614482002,0.6227758007117438
tractor,0.677,182,174,8,0.9560439560439561,0.9156733691155641,0.6192170818505338
tractor,0.6787,181,173,8,0.9558011049723757,0.9152206693094148,0.6156583629893239
tractor,0.6805,180,173,7,0.9611111111111111,0.9219152218849264,0.6156583629893239
tractor,0.6822,179,172,7,0.9608938547486033,0.9214910989715486,0.6120996441281139
tractor,0.6839,178,171,7,0.9606741573033708,0.9210623448143485,0.608540925266904
tractor,0.6856,177,170,7,0.96045197740113,0.9206288831613962,0.604982206405694
tractor,0.6874,176,169,7,0.9602272727272727,0.9201906360780736,0.6014234875444839
tractor,0.6891,175,168,7,0.96,0.9197475239004147,0.597864768683274
tractor,0.6908,174,168,6,0.9655172413793104,0.9268214886282026,0.597864768683274
tractor,0.6926,173,167,6,0.9653179190751445,0.9264102303905647,0.594306049822064
tractor,0.6943,172,166,6,0.9651162790697675,0.9259943246050781,0.5907473309608541
tractor,0.696,171,165,6,0.9649122807017544,0.9255736920617083,0.5871886120996441
tractor,0.6977,170,164,6,0.9647058823529412,0.9251482517405886,0.5836298932384342
tractor,0.6995,169,163,6,0.9644970414201184,0.9247179207600467,0.5800711743772242
tractor,0.7012,168,163,5,0.9702380952380952,0.9322302809239952,0.5800711743772242
tractor,0.7029,167,162,5,0.9700598802395209,0.9318357193568347,0.5765124555160143
tractor,0.7047,166,161,5,0.9698795180722891,0.9314365374192567,0.5729537366548043
tractor,0.7064,165,160,5,0.9696969696969697,0.9310326534919701,0.5693950177935944
tractor,0.7081,164,159,5,0.9695121951219512,0.9306239840222903,0.5658362989323843
tractor,0.7098,163,158,5,0.9693251533742331,0.9302104434665663,0.5622775800711743
tractor,0.7116,162,158,4,0.9753086419753086,0.9382406494946496,0.5622775800711743
tractor,0.7133,161,157,4,0.9751552795031055,0.9378676444810962,0.5587188612099644
tractor,0.715,160,156,4,0.975,0.9374901071333326,0.5551601423487544
tractor,0.7168,159,155,4,0.9748427672955975,0.9371079543519493,0.5516014234875445
tractor,0.7185,158,154,4,0.9746835443037974,0.9367211009939064,0.5480427046263345
tractor,0.7202,157,153,4,0.9745222929936306,0.9363294598093348,0.5444839857651246
tractor,0.722,156,153,3,0.9807692307692307,0.9449912800060954,0.5444839857651246
tractor,0.7237,155,152,3,0.9806451612903225,0.9446461303387816,0.5409252669039146
tractor,0.7254,154,151,3,0.9805194805194806,0.9442966225491078,0.5373665480427047
tractor,0.7271,153,150,3,0.9803921568627451,0.9439426735787184,0.5338078291814946
tractor,0.7289,152,149,3,0.9802631578947368,0.9435841982454212,0.5302491103202847
tractor,0.7306,151,148,3,0.9801324503311258,0.9432211091748727,0.5266903914590747
tractor,0.7323,150,148,2,0.9866666666666667,0.9526930912996325,0.5266903914590747
tractor,0.7341,149,147,2,0.9865771812080537,0.9523842450665652,0.5231316725978647
tractor,0.7358,148,146,2,0.9864864864864865,0.952071339958528,0.5195729537366548
tractor,0.7375,147,145,2,0.9863945578231292,0.9517542954389518,0.5160142348754448
tractor,0.7392,146,144,2,0.9863013698630136,0.9514330288265526,0.5124555160142349
tractor,0.741,145,143,2,0.9862068965517241,0.9511074552234657,0.5088967971530249
tractor,0.7427,144,143,1,0.9930555555555556,0.9617152764243428,0.5088967971530249
tractor,0.7444,143,142,1,0.993006993006993,0.9614547868234486,0.505338078291815
tractor,0.7462,142,141,1,0.9929577464788732,0.9611907282841454,0.501779359430605
tractor,0.7479,141,140,1,0.9929078014184397,0.9609230269560806,0.498220640569395
tractor,0.7496,140,139,1,0.9928571428571429,0.9606516069372742,0.49466192170818507
tractor,0.7514,139,138,1,0.9928057553956835,0.9603763902023781,0.49110320284697506
tractor,0.7531,138,138,0,1.0,0.972917235534427,0.49110320284697506
tractor,0.7548,137,137,0,1.0,0.9727249429758839,0.4875444839857651
tractor,0.7565,136,136,0,1.0,0.9725299002664175,0.48398576512455516
tractor,0.7583,135,135,0,1.0,0.9723320479824751,0.4804270462633452
tractor,0.76,134,134,0,1.0,0.9721313249761008,0.47686832740213525
tractor,0.7617,133,133,0,1.0,0.9719276683119282,0.47330960854092524
tractor,0.7635,132,132,0,1.0,0.9717210132013916,0.4697508896797153
tractor,0.7652,131,131,0,1.0,0.9715112929340054,0.46619217081850534
tractor,0.7669,130,130,0,1.0,0.9712984388055687,0.4626334519572954
tractor,0.7686,129,129,0,1.0,0.9710823800431218,0.45907473309608543
tractor,0.7704,128,128,0,1.0,0.9708630437264916,0.4555160142348754
tractor,0.7721,127,127,0,1.0,0.9706403547062368,0.45195729537366547
tractor,0.7738,126,126,0,1.0,0.9704142355178014,0.4483985765124555
tractor,0.7756,125,125,0,1.0,0.9701846062916736,0.44483985765124556
tractor,0.7773,124,124,0,1.0,0.9699513846593222,0.4412811387900356
tractor,0.779,123,123,0,1.0,0.9697144856546903,0.4377224199288256
tractor,0.7808,122,122,0,1.0,0.9694738216109872,0.43416370106761565
tractor,0.7825,121,121,0,1.0,0.9692293020525218,0.4306049822064057
tractor,0.7842,120,120,0,1.0,0.9689808335812966,0.42704626334519574
tractor,0.7859,119,119,0,1.0,0.9687283197580606,0.4234875444839858
tractor,0.7877,118,118,0,1.0,0.9684716609775057,0.4199288256227758
tractor,0.7894,117,117,0,1.0,0.9682107543372667,0.41637010676156583
tractor,0.7911,116,116,0,1.0,0.9679454935003613,0.4128113879003559
tractor,0.7929,115,115,0,1.0,0.9676757685506868,0.4092526690391459
tractor,0.7946,114,114,0,1.0,0.9674014658411585,0.40569395017793597
tractor,0.7963,113,113,0,1.0,0.967122467834048,0.40213523131672596
tractor,0.798,112,112,0,1.0,0.9668386529330562,0.398576512455516
tractor,0.7998,111,111,0,1.0,0.9665498953066077,0.39501779359430605
tractor,0.8015,110,110,0,1.0,0.9662560647018359,0.3914590747330961
tractor,0.8032,109,109,0,1.0,0.965957026248675,0.3879003558718861
tractor,0.805,108,108,0,1.0,0.9656526402534428,0.38434163701067614
tractor,0.8067,107,107,0,1.0,0.9653427619812514,0.3807829181494662
tractor,0.8084,106,106,0,1.0,0.9650272414265277,0.37722419928825623
tractor,0.8102,105,105,0,1.0,0.9647059230708901,0.3736654804270463
tractor,0.8119,104,104,0,1.0,0.9643786456275479,0.3701067615658363
tractor,0.8136,103,103,0,1.0,0.9640452417713519,0.3665480427046263
tractor,0.8153,102,102,0,1.0,0.963705537853537,0.36298932384341637
tractor,0.8171,101,101,0,1.0,0.963359353600144,0.3594306049822064
tractor,0.8188,100,100,0,1.0,0.9630065017930143,0.35587188612099646
tractor,0.8205,99,99,0,1.0,0.9626467879321727,0.35231316725978645
tractor,0.8223,98,98,0,1.0,0.9622800098783192,0.3487544483985765
tractor,0.824,97,97,0,1.0,0.9619059574740523,0.34519572953736655
tractor,0.8257,96,96,0,1.0,0.9615244121423244,0.3416370106761566
tractor,0.8274,95,95,0,1.0,0.961135146460527,0.33807829181494664
tractor,0.8292,94,94,0,1.0,0.9607379237084551,0.33451957295373663
tractor,0.8309,93,93,0,1.0,0.9603324973882649,0.3309608540925267
tractor,0.8326,92,92,0,1.0,0.9599186107143783,0.3274021352313167
tractor,0.8344,91,91,0,1.0,0.9594959960711199,0.3238434163701068
tractor,0.8361,90,90,0,1.0,0.9590643744356733,0.3202846975088968
tractor,0.8378,89,89,0,1.0,0.9586234547637474,0.3167259786476868
tractor,0.8395,88,88,0,1.0,0.9581729333351077,0.31316725978647686
tractor,0.8413,87,87,0,1.0,0.9577124930558795,0.3096085409252669
tractor,0.843,86,86,0,1.0,0.9572418027142576,0.30604982206405695
tractor,0.8447,85,85,0,1.0,0.9567605161859484,0.302491103202847
tractor,0.8465,84,84,0,1.0,0.95626827158534,0.298932384341637
tractor,0.8482,83,83,0,1.0,0.9557646903580262,0.29537366548042704
tractor,0.8499,82,82,0,1.0,0.9552493763098997,0.2918149466192171
tractor,0.8517,81,81,0,1.0,0.9547219145675849,0.28825622775800713
tractor,0.8534,80,80,0,1.0,0.954181870464473,0.2846975088967972
tractor,0.8551,79,79,0,1.0,0.9536287883460772,0.28113879003558717
tractor,0.8568,78,78,0,1.0,0.9530621902878058,0.2775800711743772
tractor,0.8586,77,77,0,1.0,0.9524815747175658,0.27402135231316727
tractor,0.8603,76,76,0,1.0,0.9518864149348628,0.2704626334519573
tractor,0.862,75,75,0,1.0,0.9512761575171942,0.2669039145907473
tractor,0.8638,74,74,0,1.0,0.9506502206036139,0.26334519572953735
tractor,0.8655,73,73,0,1.0,0.950007992044269,0.2597864768683274
tractor,0.8672,72,72,0,1.0,0.9493488274035422,0.25622775800711745
tractor,0.8689,71,71,0,1.0,0.9486720478031097,0.2526690391459075
tractor,0.8707,70,70,0,1.0,0.947976937589733,0.2491103202846975
tractor,0.8724,69,69,0,1.0,0.9472627418109483,0.24555160142348753
tractor,0.8741,68,68,0,1.0,0.9465286634799295,0.24199288256227758
tractor,0.8759,67,67,0,1.0,0.9457738606086983,0.23843416370106763
tractor,0.8776,66,66,0,1.0,0.9449974429864588,0.23487544483985764
tractor,0.8793,65,65,0,1.0,0.9441984686771432,0.2313167259786477
tractor,0.8811,64,64,0,1.0,0.9433759402071946,0.2277580071174377
tractor,0.8828,63,63,0,1.0,0.9425288004111483,0.22419928825622776
tractor,0.8845,62,62,0,1.0,0.9416559278986275,0.2206405693950178
tractor,0.8862,61,61,0,1.0,0.9407561321018872,0.21708185053380782
tractor,0.888,60,60,0,1.0,0.93982814785791,0.21352313167259787
tractor,0.8897,59,59,0,1.0,0.9388706294732116,0.2099644128113879
tractor,0.8914,58,58,0,1.0,0.9378821442127971,0.20640569395017794
tractor,0.8932,57,57,0,1.0,0.9368611651470212,0.20284697508896798
tractor,0.8949,56,56,0,1.0,0.9358060632812366,0.199288256227758
tractor,0.8966,55,55,0,1.0,0.9347150988829135,0.19572953736654805
tractor,0.8983,54,54,0,1.0,0.9335864119091036,0.19217081850533807
tractor,0.9001,53,53,0,1.0,0.9324180114234583,0.18861209964412812
tractor,0.9018,52,52,0,1.0,0.9312077638761377,0.18505338078291814
tractor,0.9035,51,51,0,1.0,0.9299533801014684,0.18149466192170818
tractor,0.9053,50,50,0,1.0,0.9286524008666414,0.17793594306049823
tractor,0.907,49,49,0,1.0,0.9273021807795037,0.17437722419928825
tractor,0.9087,48,48,0,1.0,0.9258998703338824,0.1708185053380783
tractor,0.9105,47,47,0,1.0,0.9244423958360036,0.16725978647686832
tractor,0.9122,46,46,0,1.0,0.9229264369144196,0.16370106761565836
tractor,0.9139,45,45,0,1.0,0.9213484012671117,0.1601423487544484
tractor,0.9156,44,44,0,1.0,0.9197043962415193,0.15658362989323843
tractor,0.9174,43,43,0,1.0,0.9179901967742088,0.15302491103202848
tractor,0.9191,42,42,0,1.0,0.916201209134296,0.1494661921708185
tractor,0.9208,41,41,0,1.0,0.9143324298155683,0.14590747330960854
tractor,0.9226,40,40,0,1.0,0.9123783988027133,0.1423487544483986
tractor,0.9243,39,39,0,1.0,0.9103331462924287,0.1387900355871886
tractor,0.926,38,38,0,1.0,0.9081901317744159,0.13523131672597866
tractor,0.9277,37,37,0,1.0,0.9059421741627975,0.13167259786476868
tractor,0.9295,36,36,0,1.0,0.9035813714055363,0.12811387900355872
tractor,0.9312,35,35,0,1.0,0.901099007675596,0.12455516014234876
tractor,0.9329,34,34,0,1.0,0.8984854458466763,0.12099644128113879
tractor,0.9347,33,33,0,1.0,0.8957300024575479,0.11743772241992882
tractor,0.9364,32,32,0,1.0,0.8928208017449295,0.11387900355871886
tractor,0.9381,31,31,0,1.0,0.889744604539564,0.1103202846975089
tractor,0.9398,30,30,0,1.0,0.8864866068260313,0.10676156583629894
tractor,0.9416,29,29,0,1.0,0.8830302015002593,0.10320284697508897
tractor,0.9433,28,28,0,1.0,0.8793566952341545,0.099644128113879
tractor,0.945,27,27,0,1.0,0.8754449702581331,0.09608540925266904
tractor,0.9468,26,26,0,1.0,0.8712710781407849,0.09252669039145907
tractor,0.9485,25,25,0,1.0,0.8668077490609516,0.08896797153024912
tractor,0.9502,24,24,0,1.0,0.8620237953250198,0.08540925266903915
tractor,0.952,23,23,0,1.0,0.8568833815495732,0.08185053380782918
tractor,0.9537,22,22,0,1.0,0.8513451253913792,0.07829181494661921
tractor,0.9554,21,21,0,1.0,0.8453609810751531,0.07473309608540925
tractor,0.9571,20,20,0,1.0,0.8388748419471806,0.0711743772241993
tractor,0.9589,19,19,0,1.0,0.8318207759473837,0.06761565836298933
tractor,0.9606,18,18,0,1.0,0.8241207763533424,0.06405693950177936
tractor,0.9623,17,17,0,1.0,0.8156818649911481,0.060498220640569395
tractor,0.9641,16,16,0,1.0,0.8063923194655637,0.05693950177935943
tractor,0.9658,15,15,0,1.0,0.7961166989641514,0.05338078291814947
tractor,0.9675,14,14,0,1.0,0.7846891972623643,0.0498220640569395
tractor,0.9692,13,13,0,1.0,0.7719046276458016,0.046263345195729534
tractor,0.971,12,12,0,1.0,0.7575059933447592,0.042704626334519574
tractor,0.9727,11,11,0,1.0,0.7411670330319684,0.03914590747330961
tractor,0.9744,10,10,0,1.0,0.7224672001371109,0.03558718861209965
tractor,0.9762,9,9,0,1.0,0.7008549515804561,0.03202846975088968
tractor,0.9779,8,8,0,1.0,0.6755924351161198,0.028469750889679714
tractor,0.9796,7,7,0,1.0,0.6456695649333126,0.02491103202846975
tractor,0.9814,6,6,0,1.0,0.6096657120978348,0.021352313167259787
tractor,0.9831,5,5,0,1.0,0.5655175352168254,0.017793594306049824
tractor,0.9848,4,4,0,1.0,0.5101091635454028,0.014234875444839857
tractor,0.9865,3,3,0,1.0,0.43850296824495466,0.010676156583629894
tractor,0.9883,2,2,0,1.0,0.3423802275066532,0.0071174377224199285
tractor,0.99,1,1,0,1.0,0.2065493143772375,0.0035587188612099642
vest,0.3,400,234,166,0.585,0.5361289851942794,1.0
vest,0.3017,399,234,165,0.5864661654135338,0.5375442054063551,1.0
vest,0.3035,398,234,164,0.5879396984924623,0.5389670439114074,1.0
vest,0.3052,397,234,163,0.5894206549118388,0.5403975640222933,1.0
vest,0.3069,396,234,162,0.5909090909090909,0.5418358297842316,1.0
vest,0.3086,395,233,162,0.589873417721519,0.5407290351232136,0.9957264957264957
vest,0.3104,394,233,161,0.5913705583756346,0.5421757331358595,0.9957264957264957
vest,0.3121,393,233,160,0.5928753180661578,0.5436303293647631,0.9957264957264957
vest,0.3138,392,233,159,0.5943877551020408,0.5450928904551459,0.9957264957264957
vest,0.3156,391,233,158,0.5959079283887468,0.5465634838364554,0.9957264957264957
vest,0.3173,390,233,157,0.5974358974358974,0.5480421777346767,0.9957264957264957
vest,0.319,389,233,156,0.5989717223650386,0.5495290411849012,0.9957264957264957
vest,0.3208,388,233,155,0.6005154639175257,0.5510241440441518,0.9957264957264957
vest,0.3225,387,232,155,0.599483204134367,0.5499167896161561,0.9914529914529915
vest,0.3242,386,232,154,0.6010362694300518,0.5514209763850437,0.9914529914529915
vest,0.3259,385,232,153,0.6025974025974026,0.5529335695492874,0.9914529914529915
vest,0.3277,384,232,152,0.6041666666666666,0.5544546418881182,0.9914529914529915
vest,0.3294,383,232,151,0.6057441253263708,0.5559842670629619,0.9914529914529915
vest,0.3311,382,232,150,0.6073298429319371,0.5575225196317956,0.9914529914529915
vest,0.3329,381,232,149,0.6089238845144357,0.5590694750638132,0.9914529914529915
vest,0.3346,380,232,148,0.6105263157894737,0.5606252097544077,0.9914529914529915
vest,0.3363,379,231,148,0.6094986807387863,0.5595182989882058,0.9871794871794872
vest,0.338,378,231,147,0.6111111111111112,0.5610838349535613,0.9871794871794872
vest,0.3398,377,231,146,0.6127320954907162,0.5626583334153346,0.9871794871794872
vest,0.3415,376,231,145,0.6143617021276596,0.5642418740663436,0.9871794871794872
vest,0.3432,375,231,144,0.616,0.5658345375960623,0.9871794871794872
vest,0.345,374,231,143,0.6176470588235294,0.5674364057074723,0.9871794871794872
vest,0.3467,373,231,142,0.6193029490616622,0.5690475611342929,0.9871794871794872
vest,0.3484,372,231,141,0.6209677419354839,0.5706680876586033,0.9871794871794872
vest,0.3502,371,230,141,0.6199460916442049,0.5695627640118932,0.9829059829059829
vest,0.3519,370,230,140,0.6216216216216216,0.5711938834936561,0.9829059829059829
vest,0.3536,369,230,139,0.6233062330623306,0.5728345756985719,0.9829059829059829
vest,0.3553,368,230,138,0.625,0.5744849281458696,0.9829059829059829
vest,0.3571,367,230,137,0.6267029972752044,0.5761450294860876,0.9829059829059829
vest,0.3588,366,230,136,0.6284153005464481,0.5778149695210019,0.9829059829059829
vest,0.3605,365,230,135,0.6301369863013698,0.5794948392240274,0.9829059829059829
vest,0.3623,364,230,134,0.6318681318681318,0.5811847307611063,0.9829059829059829
vest,0.364,363,229,134,0.6308539944903582,0.5800822978652015,0.9786324786324786
vest,0.3657,362,229,133,0.6325966850828729,0.5817836584301537,0.9786324786324786
vest,0.3674,361,229,132,0.6343490304709142,0.5834952633520096,0.9786324786324786
vest,0.3692,360,229,131,0.6361111111111111,0.5852172090528581,0.9786324786324786
vest,0.3709,359,229,130,0.637883008356546,0.5869495932457388,0.9786324786324786
vest,0.3726,358,229,129,0.6396648044692738,0.5886925149584125,0.9786324786324786
vest,0.3744,357,229,128,0.6414565826330533,0.5904460745577259,0.9786324786324786
vest,0.3761,356,229,127,0.6432584269662921,0.5922103737745916,0.9786324786324786
vest,0.3778,355,228,127,0.6422535211267606,0.5911123189472404,0.9743589743589743
vest,0.3795,354,228,126,0.6440677966101694,0.5928890594999172,0.9743589743589743
vest,0.3813,353,228,125,0.6458923512747875,0.5946767860590825,0.9743589743589743
vest,0.383,352,228,124,0.6477272727272727,0.5964756052293082,0.9743589743589743
vest,0.3847,351,228,123,0.6495726495726496,0.5982856250970633,0.9743589743589743
vest,0.3865,350,228,122,0.6514285714285715,0.6001069552593415,0.9743589743589743
vest,0.3882,349,228,121,0.6532951289398281,0.6019397068530521,0.9743589743589743
vest,0.3899,348,228,120,0.6551724137931034,0.6037839925851956,0.9743589743589743
vest,0.3917,347,227,120,0.654178674351585,0.6026920143838015,0.9700854700854701
vest,0.3934,346,227,119,0.6560693641618497,0.6045498240397945,0.9700854700854701
vest,0.3951,345,227,118,0.6579710144927536,0.6064194416307662,0.9700854700854701
vest,0.3968,344,227,117,0.6598837209302325,0.6083009854789031,0.9700854700854701
vest,0.3986,343,227,116,0.6618075801749271,0.610194575618997,0.9700854700854701
vest,0.4003,342,227,115,0.6637426900584795,0.6121003338333143,0.9700854700854701
vest,0.402,341,227,114,0.6656891495601173,0.6140183836874533,0.9700854700854701
vest,0.4038,340,227,113,0.6676470588235294,0.6159488505672293,0.9700854700854701
vest,0.4055,339,226,113,0.6666666666666666,0.6148648912174282,0.9658119658119658
vest,0.4072,338,226,112,0.6686390532544378,0.6168100916648532,0.9658119658119658
vest,0.4089,337,226,111,0.6706231454005934,0.6187680146066942,0.9658119658119658
vest,0.4107,336,226,110,0.6726190476190477,0.6207387919439136,0.9658119658119658
vest,0.4124,335,226,109,0.6746268656716418,0.622722557572112,0.9658119658119658
vest,0.4141,334,226,108,0.6766467065868264,0.6247194474245541,0.9658119658119658
vest,0.4159,333,226,107,0.6786786786786787,0.626729599516503,0.9658119658119658
vest,0.4176,332,226,106,0.6807228915662651,0.6287531539909194,0.9658119658119658
vest,0.4193,331,225,106,0.6797583081570997,0.6276794377367424,0.9615384615384616
vest,0.4211,330,225,105,0.6818181818181818,0.62971908270618,0.9615384615384616
vest,0.4228,329,225,104,0.6838905775075987,0.6317724723910166,0.9615384615384616
vest,0.4245,328,225,103,0.6859756097560976,0.6338397545552393,0.9615384615384616
vest,0.4262,327,225,102,0.6880733944954128,0.6359210793069893,0.9615384615384616
vest,0.428,326,225,101,0.6901840490797546,0.6380165991524668,0.9615384615384616
vest,0.4297,325,225,100,0.6923076923076923,0.6401264690516075,0.9615384615384616
vest,0.4314,324,225,99,0.6944444444444444,0.6422508464756163,0.9615384615384616
vest,0.4332,323,224,99,0.6934984520123839,0.6411899251756518,0.9572649572649573
vest,0.4349,322,224,98,0.6956521739130435,0.6433319219623914,0.9572649572649573
vest,0.4366,321,224,97,0.6978193146417445,0.645488811873783,0.9572649572649573
vest,0.4383,320,224,96,0.7,0.6476607613809822,0.9572649572649573
vest,0.4401,319,224,95,0.7021943573667712,0.6498479397394757,0.9572649572649573
vest,0.4418,318,224,94,0.7044025157232704,0.6520505190578428,0.9572649572649573
vest,0.4435,317,224,93,0.7066246056782335,0.6542686743689814,0.9572649572649573
vest,0.4453,316,224,92,0.7088607594936709,0.6565025837039214,0.9572649572649573
vest,0.447,315,223,92,0.707936507936508,0.6554573913700793,0.9529914529914529
vest,0.4487,314,223,91,0.7101910828025477,0.6577106513204323,0.9529914529914529
vest,0.4505,313,223,90,0.7124600638977636,0.6599801021787746,0.9529914529914529
vest,0.4522,312,223,89,0.7147435897435898,0.6622659327257,0.9529914529914529
vest,0.4539,311,223,88,0.7170418006430869,0.6645683350912234,0.9529914529914529
vest,0.4556,310,223,87,0.7193548387096774,0.6668875048443981,0.9529914529914529
vest,0.4574,309,223,86,0.7216828478964401,0.6692236410864675,0.9529914529914529
vest,0.4591,308,223,85,0.724025974025974,0.6715769465477406,0.9529914529914529
vest,0.4608,307,222,85,0.7231270358306189,0.6705508650308011,0.9487179487179487
vest,0.4626,306,222,84,0.7254901960784313,0.6729254929216463,0.9487179487179487
vest,0.4643,305,222,83,0.7278688524590164,0.6753177884265242,0.9487179487179487
vest,0.466,304,222,82,0.7302631578947368,0.6777279672923912,0.9487179487179487
vest,0.4677,303,222,81,0.7326732673267327,0.6801562493580023,0.9487179487179487
vest,0.4695,302,222,80,0.7350993377483444,0.6826028586737825,0.9487179487179487
vest,0.4712,301,222,79,0.7375415282392026,0.6850680236269416,0.9487179487179487
vest,0.4729,300,222,78,0.74,0.6875519770721528,0.9487179487179487
vest,0.4747,299,221,78,0.7391304347826086,0.6865489158065626,0.9444444444444444
vest,0.4764,298,221,77,0.7416107382550335,0.6890564528391206,0.9444444444444444
vest,0.4781,297,221,76,0.7441077441077442,0.6915833516085969,0.9444444444444444
vest,0.4798,296,221,75,0.7466216216216216,0.6941298610001362,0.9444444444444444
vest,0.4816,295,221,74,0.7491525423728813,0.6966962349937097,0.9444444444444444
vest,0.4833,294,221,73,0.7517006802721088,0.6992827328295911,0.9444444444444444
vest,0.485,293,221,72,0.7542662116040956,0.701889619181956,0.9444444444444444
vest,0.4868,292,221,71,0.7568493150684932,0.7045171643411514,0.9444444444444444
vest,0.4885,291,220,71,0.7560137457044673,0.703541658077869,0.9401709401709402
vest,0.4902,290,220,70,0.7586206896551724,0.7061954011297151,0.9401709401709402
vest,0.492,289,220,69,0.7612456747404844,0.7088704689723986,0.9401709401709402
vest,0.4937,288,220,68,0.7638888888888888,0.7115671520618749,0.9401709401709402
vest,0.4954,287,220,67,0.7665505226480837,0.7142857473516071,0.9401709401709402
vest,0.4971,286,220,66,0.7692307692307693,0.7170265585300379,0.9401709401709402
vest,0.4989,285,220,65,0.7719298245614035,0.7197898962712949,0.9401709401709402
vest,0.5006,284,220,64,0.7746478873239436,0.722576078500133,0.9401709401709402
vest,0.5023,283,219,64,0.773851590106007,0.7216334084656335,0.9358974358974359
vest,0.5041,282,219,63,0.776595744680851,0.7244488419717415,0.9358974358974359
vest,0.5058,281,219,62,0.7793594306049823,0.7272879035248447,0.9358974358974359
vest,0.5075,280,219,61,0.7821428571428571,0.7301509371170491,0.9358974358974359
vest,0.5092,279,219,60,0.7849462365591398,0.7330382952852657,0.9358974358974359
vest,0.511,278,219,59,0.7877697841726619,0.7359503394688495,0.9358974358974359
vest,0.5127,277,219,58,0.7906137184115524,0.7388874403901519,0.9358974358974359
vest,0.5144,276,219,57,0.7934782608695652,0.7418499784599751,0.9358974358974359
vest,0.5162,275,218,57,0.7927272727272727,0.7409463247185258,0.9316239316239316
vest,0.5179,274,218,56,0.7956204379562044,0.7439417266712122,0.9316239316239316
vest,0.5196,273,218,55,0.7985347985347986,0.746963502935292,0.9316239316239316
vest,0.5214,272,218,54,0.8014705882352942,0.7500120688418456,0.9316239316239316
vest,0.5231,271,218,53,0.8044280442804428,0.7530878514199512,0.9316239316239316
vest,0.5248,270,218,52,0.8074074074074075,0.7561912899690343,0.9316239316239316
vest,0.5265,269,218,51,0.8104089219330854,0.7593228366740002,0.9316239316239316
vest,0.5283,268,218,50,0.8134328358208955,0.7624829572674452,0.9316239316239316
vest,0.53,267,217,50,0.8127340823970037,0.7616255938872983,0.9273504273504274
vest,0.5317,266,217,49,0.8157894736842105,0.7648229264977243,0.9273504273504274
vest,0.5335,265,217,48,0.8188679245283019,0.7680499790547416,0.9273504273504274
vest,0.5352,264,217,47,0.821969696969697,0.7713072663645871,0.9273504273504274
vest,0.5369,263,217,46,0.8250950570342205,0.7745953201326643,0.9273504273504274
vest,0.5386,262,217,45,0.8282442748091603,0.7779146899535845,0.9273504273504274
vest,0.5404,261,217,44,0.8314176245210728,0.7812659443890653,0.9273504273504274
vest,0.5421,260,217,43,0.8346153846153846,0.7846496721440218,0.9273504273504274
vest,0.5438,259,216,43,0.833976833976834,0.7838472234544918,0.9230769230769231
vest,0.5456,258,216,42,0.8372093023255814,0.7872735226599362,0.9230769230769231
vest,0.5473,257,216,41,0.8404669260700389,0.7907337414613915,0.9230769230769231
vest,0.549,256,216,40,0.84375,0.7942285422215228,0.9230769230769231
vest,0.5508,255,216,39,0.8470588235294118,0.7977586135821487,0.9230769230769231
vest,0.5525,254,215,39,0.8464566929133859,0.7969895605564283,0.9188034188034188
vest,0.5542,253,215,38,0.849802371541502,0.8005660048764779,0.9188034188034188
vest,0.5559,252,214,38,0.8492063492063492,0.7998015301739487,0.9145299145299145
vest,0.5577,251,213,38,0.848605577689243,0.799031181439524,0.9102564102564102
vest,0.5594,250,212,38,0.848,0.7982548908329246,0.905982905982906
vest,0.5611,249,212,37,0.8514056224899599,0.8019004735911224,0.905982905982906
vest,0.5629,248,211,37,0.8508064516129032,0.8011290130188811,0.9017094017094017
vest,0.5646,247,210,37,0.8502024291497976,0.8003515298331035,0.8974358974358975
vest,0.5663,246,209,37,0.8495934959349594,0.7995679533585004,0.8931623931623932
vest,0.568,245,209,36,0.8530612244897959,0.8032854227791434,0.8931623931623932
vest,0.5698,244,208,36,0.8524590163934426,0.802506946336874,0.8888888888888888
vest,0.5715,243,207,36,0.8518518518518519,0.8017222935960386,0.8846153846153846
vest,0.5732,242,206,36,0.8512396694214877,0.8009313908923659,0.8803418803418803
vest,0.575,241,206,35,0.8547717842323651,0.8047236647004927,0.8803418803418803
vest,0.5767,240,205,35,0.8541666666666666,0.803938151991882,0.8760683760683761
vest,0.5784,239,204,35,0.8535564853556485,0.8031463040170412,0.8717948717948718
vest,0.5802,238,203,35,0.8529411764705882,0.8023480439588301,0.8675213675213675
vest,0.5819,237,203,34,0.8565400843881856,0.8062182238878932,0.8675213675213675
vest,0.5836,236,202,34,0.8559322033898306,0.805425665618554,0.8632478632478633
vest,0.5853,235,201,34,0.8553191489361702,0.8046266076533202,0.8589743589743589
vest,0.5871,234,200,34,0.8547008547008547,0.8038209698476971,0.8547008547008547
vest,0.5888,233,200,33,0.8583690987124464,0.8077723577727722,0.8547008547008547
vest,0.5905,232,199,33,0.8577586206896551,0.8069727574609428,0.8504273504273504
vest,0.5923,231,198,33,0.8571428571428571,0.8061664873837949,0.8461538461538461
vest,0.594,230,197,33,0.8565217391304348,0.8053534638836777,0.8418803418803419
vest,0.5957,229,197,32,0.8602620087336245,0.8093895798104052,0.8418803418803419
vest,0.5974,228,196,32,0.8596491228070176,0.8085829557431717,0.8376068376068376
vest,0.5992,227,195,32,0.8590308370044053,0.8077694860274711,0.8333333333333334
vest,0.6009,226,194,32,0.8584070796460177,0.8069490832946208,0.8290598290598291
vest,0.6026,225,194,31,0.8622222222222222,0.8110736854743059,0.8290598290598291
vest,0.6044,224,193,31,0.8616071428571429,0.810260072947757,0.8247863247863247
vest,0.6061,223,192,31,0.8609865470852018,0.8094394329084422,0.8205128205128205
vest,0.6078,222,191,31,0.8603603603603603,0.8086116740659126,0.8162393162393162
vest,0.6095,221,191,30,0.8642533936651584,0.8128287815559553,0.8162393162393162
vest,0.6113,220,190,30,0.8636363636363636,0.8120082354444565,0.811965811965812
vest,0.613,219,189,30,0.863013698630137,0.8111804738172969,0.8076923076923077
vest,0.6147,218,188,30,0.8623853211009175,0.8103454012378479,0.8034188034188035
vest,0.6165,217,188,29,0.8663594470046083,0.8146593192861115,0.8034188034188035
vest,0.6182,216,187,29,0.8657407407407407,0.8138319169940197,0.7991452991452992
vest,0.6199,215,186,29,0.8651162790697674,0.8129971049015987,0.7948717948717948
vest,0.6217,214,185,29,0.8644859813084113,0.8121547831871141,0.7905982905982906
vest,0.6234,213,185,28,0.8685446009389671,0.8165701318917293,0.7905982905982906
vest,0.6251,212,184,28,0.8679245283018868,0.8157359767506731,0.7863247863247863
vest,0.6268,211,183,28,0.8672985781990521,0.8148942111192854,0.782051282051282
vest,0.6286,210,182,28,0.8666666666666667,0.8140447305364404,0.7777777777777778
vest,0.6303,209,182,27,0.8708133971291866,0.8185664773225775,0.7777777777777778
vest,0.632,208,181,27,0.8701923076923077,0.8177257025093013,0.7735042735042735
vest,0.6338,207,180,27,0.8695652173913043,0.816877110013065,0.7692307692307693
vest,0.6355,206,179,27,0.8689320388349514,0.8160205904628723,0.7649572649572649
vest,0.6372,205,179,26,0.8731707317073171,0.8206540870299989,0.7649572649572649
vest,0.6389,204,178,26,0.8725490196078431,0.8198068600942048,0.7606837606837606
vest,0.6407,203,177,26,0.8719211822660099,0.8189516017174435,0.7564102564102564
vest,0.6424,202,176,26,0.8712871287128713,0.818088197331375,0.7521367521367521
vest,0.6441,201,176,25,0.8756218905472637,0.822839221864925,0.7521367521367521
vest,0.6459,200,175,25,0.875,0.8219857499741765,0.7478632478632479
vest,0.6476,199,174,25,0.8743718592964824,0.8211240263011572,0.7435897435897436
vest,0.6493,198,173,25,0.8737373737373737,0.8202539307749792,0.7393162393162394
vest,0.6511,197,173,24,0.8781725888324873,0.8251287363938503,0.7393162393162394
vest,0.6528,196,172,24,0.8775510204081632,0.8242692724242672,0.7350427350427351
vest,0.6545,195,171,24,0.8769230769230769,0.823401329787541,0.7307692307692307
vest,0.6562,194,170,24,0.8762886597938144,0.8225247825866758,0.7264957264957265
vest,0.658,193,170,23,0.8808290155440415,0.8275301532244085,0.7264957264957265
vest,0.6597,192,169,23,0.8802083333333334,0.8266650028526278,0.7222222222222222
vest,0.6614,191,168,23,0.8795811518324608,0.8257911404986048,0.717948717948718
vest,0.6632,190,167,23,0.8789473684210526,0.8249084340968673,0.7136752136752137
vest,0.6649,189,167,22,0.8835978835978836,0.830051749306066,0.7136752136752137
vest,0.6666,188,166,22,0.8829787234042553,0.8291812792911782,0.7094017094017094
vest,0.6683,187,165,22,0.8823529411764706,0.8283018577556153,0.7051282051282052
vest,0.6701,186,164,22,0.8817204301075269,0.8274133461040543,0.7008547008547008
vest,0.6718,185,164,21,0.8864864864864865,0.8327026566534099,0.7008547008547008
vest,0.6735,184,163,21,0.8858695652173914,0.8318273045391444,0.6965811965811965
vest,0.6753,183,162,21,0.8852459016393442,0.8309427554678281,0.6923076923076923
vest,0.677,182,161,21,0.8846153846153846,0.8300488639340768,0.688034188034188
vest,0.6787,181,161,20,0.8895027624309392,0.8354929805675937,0.688034188034188
vest,0.6805,180,160,20,0.8888888888888888,0.8346132660873801,0.6837606837606838
vest,0.6822,179,159,20,0.888268156424581,0.8337241037909872,0.6794871794871795
vest,0.6839,178,158,20,0.8876404494382022,0.8328253408646121,0.6752136752136753
vest,0.6856,177,158,19,0.8926553672316384,0.8384339392598656,0.6752136752136753
vest,0.6874,176,157,19,0.8920454545454546,0.8375504777938719,0.6709401709401709
vest,0.6891,175,156,19,0.8914285714285715,0.8366573128942079,0.6666666666666666
vest,0.6908,174,155,19,0.8908045977011494,0.8357542840235563,0.6623931623931624
vest,0.6926,173,155,18,0.8959537572254336,0.8415380298880826,0.6623931623931624
vest,0.6943,172,154,18,0.8953488372093024,0.8406515484064717,0.6581196581196581
vest,0.696,171,153,18,0.8947368421052632,0.8397551040187081,0.6538461538461539
vest,0.6977,170,152,18,0.8941176470588236,0.8388485280345372,0.6495726495726496
vest,0.6995,169,152,17,0.8994082840236687,0.8448192275181449,0.6495726495726496
vest,0.7012,168,151,17,0.8988095238095238,0.8439305835549036,0.6452991452991453
vest,0.7029,167,150,17,0.8982035928143712,0.8430317145635617,0.6410256410256411
vest,0.7047,166,149,17,0.8975903614457831,0.8421224432609589,0.6367521367521367
vest,0.7064,165,149,16,0.9030303030303031,0.8482932255907779,0.6367521367521367
vest,0.7081,164,148,16,0.9024390243902439,0.8474034299364587,0.6324786324786325
vest,0.7098,163,147,16,0.901840490797546,0.8465031460708753,0.6282051282051282
vest,0.7116,162,146,16,0.9012345679012346,0.8455921876731157,0.6239316239316239
vest,0.7133,161,146,15,0.906832298136646,0.8519777293763573,0.6239316239316239
vest,0.715,160,145,15,0.90625,0.8510879733686995,0.6196581196581197
vest,0.7168,159,144,15,0.9056603773584906,0.8501874669797129,0.6153846153846154
vest,0.7185,158,143,15,0.9050632911392406,0.8492760144092627,0.6111111111111112
vest,0.7202,157,143,14,0.910828025477707,0.8558928180553419,0.6111111111111112
vest,0.722,156,142,14,0.9102564102564102,0.8550045066026877,0.6068376068376068
vest,0.7237,155,141,14,0.9096774193548387,0.854105186305547,0.6025641025641025
vest,0.7254,154,140,14,0.9090909090909091,0.8531946514582631,0.5982905982905983
vest,0.7271,153,140,13,0.9150326797385621,0.8600613971458112,0.5982905982905983
vest,0.7289,152,139,13,0.9144736842105263,0.8591761889675339,0.594017094017094
vest,0.7306,151,138,13,0.9139072847682119,0.8582797206753975,0.5897435897435898
vest,0.7323,150,137,13,0.9133333333333333,0.8573717762637808,0.5854700854700855
vest,0.7341,149,137,12,0.9194630872483222,0.8645097721380502,0.5854700854700855
vest,0.7358,148,136,12,0.918918918918919,0.8636296291919721,0.5811965811965812
vest,0.7375,147,135,12,0.9183673469387755,0.862737986564198,0.5769230769230769
vest,0.7392,146,134,12,0.9178082191780822,0.8618346176099935,0.5726495726495726
vest,0.741,145,134,11,0.9241379310344827,0.8692683883248442,0.5726495726495726
vest,0.7427,144,133,11,0.9236111111111112,0.8683956370822358,0.5683760683760684
vest,0.7444,143,132,11,0.9230769230769231,0.8675111641223017,0.5641025641025641
vest,0.7462,142,131,11,0.9225352112676056,0.866614731910189,0.5598290598290598
vest,0.7479,141,131,10,0.9290780141843972,0.8743728043920829,0.5598290598290598
vest,0.7496,140,130,10,0.9285714285714286,0.8735102126286542,0.5555555555555556
vest,0.7514,139,129,10,0.9280575539568345,0.8726357022034903,0.5512820512820513
vest,0.7531,138,128,10,0.927536231884058,0.8717490245748136,0.5470085470085471
vest,0.7548,137,128,9,0.9343065693430657,0.8798650048012341,0.5470085470085471
vest,0.7565,136,127,9,0.9338235294117647,0.8790158790898288,0.5427350427350427
vest,0.7583,135,126,9,0.9333333333333333,0.8781546727030708,0.5384615384615384
vest,0.76,134,125,9,0.9328358208955224,0.8772811261744599,0.5341880341880342
vest,0.7617,133,125,8,0.9398496240601504,0.8857952209724211,0.5341880341880342
vest,0.7635,132,124,8,0.9393939393939394,0.8849635324349224,0.5299145299145299
vest,0.7652,131,123,8,0.9389312977099237,0.8841196490252835,0.5256410256410257
vest,0.7669,130,122,8,0.9384615384615385,0.8832633007252931,0.5213675213675214
vest,0.7686,129,122,7,0.9457364341085271,0.8922245499429775,0.5213675213675214
vest,0.7704,128,121,7,0.9453125,0.8914150997002529,0.5170940170940171
vest,0.7721,127,120,7,0.9448818897637795,0.8905934052246905,0.5128205128205128
vest,0.7738,126,119,7,0.9444444444444444,0.8897591867415385,0.5085470085470085
vest,0.7756,125,119,6,0.952,0.8992288896829618,0.5085470085470085
vest,0.7773,124,118,6,0.9516129032258065,0.8984475321621599,0.5042735042735043
vest,0.779,123,117,6,0.9512195121951219,0.8976539686245577,0.5
vest,0.7808,122,116,6,0.9508196721311475,0.8968479109468891,0.49572649572649574
vest,0.7825,121,116,5,0.9586776859504132,0.9069051929166947,0.49572649572649574
vest,0.7842,120,115,5,0.9583333333333334,0.9061591476629647,0.49145299145299143
vest,0.7859,119,114,5,0.957983193277311,0.9054010530615869,0.48717948717948717
vest,0.7877,118,113,5,0.9576271186440678,0.9046306149442866,0.4829059829059829
vest,0.7894,117,113,4,0.9658119658119658,0.9153821514157074,0.4829059829059829
vest,0.7911,116,112,4,0.9655172413793104,0.9146804594445852,0.47863247863247865
vest,0.7929,115,111,4,0.9652173913043478,0.9139670361373622,0.47435897435897434
vest,0.7946,114,110,4,0.9649122807017544,0.9132415849113642,0.4700854700854701
vest,0.7963,113,110,3,0.9734513274336283,0.9248403062316028,0.4700854700854701
vest,0.798,112,109,3,0.9732142857142857,0.9241945450432856,0.4658119658119658
vest,0.7998,111,108,3,0.972972972972973,0.9235375935169964,0.46153846153846156
vest,0.8015,110,107,3,0.9727272727272728,0.9228691583032445,0.45726495726495725
vest,0.8032,109,107,2,0.981651376146789,0.9355554243500117,0.45726495726495725
vest,0.805,108,106,2,0.9814814814814815,0.9349809519962324,0.452991452991453
vest,0.8067,107,105,2,0.9813084112149533,0.9343961469302772,0.44871794871794873
vest,0.8084,106,104,2,0.9811320754716981,0.9338007278881414,0.4444444444444444
vest,0.8102,105,104,1,0.9904761904761905,0.9480137413881103,0.4444444444444444
vest,0.8119,104,103,1,0.9903846153846154,0.9475322752920541,0.44017094017094016
vest,0.8136,103,102,1,0.9902912621359223,0.9470418081674633,0.4358974358974359
vest,0.8153,102,101,1,0.9901960784313726,0.9465420852342227,0.43162393162393164
vest,0.8171,101,101,0,1.0,0.963359353600144,0.43162393162393164
vest,0.8188,100,100,0,1.0,0.9630065017930143,0.42735042735042733
vest,0.8205,99,99,0,1.0,0.9626467879321727,0.4230769230769231
vest,0.8223,98,98,0,1.0,0.9622800098783192,0.4188034188034188
vest,0.824,97,97,0,1.0,0.9619059574740523,0.41452991452991456
vest,0.8257,96,96,0,1.0,0.9615244121423244,0.41025641025641024
vest,0.8274,95,95,0,1.0,0.961135146460527,0.405982905982906
vest,0.8292,94,94,0,1.0,0.9607379237084551,0.4017094017094017
vest,0.8309,93,93,0,1.0,0.9603324973882649,0.3974358974358974
vest,0.8326,92,92,0,1.0,0.9599186107143783,0.39316239316239315
vest,0.8344,91,91,0,1.0,0.9594959960711199,0.3888888888888889
vest,0.8361,90,90,0,1.0,0.9590643744356733,0.38461538461538464
vest,0.8378,89,89,0,1.0,0.9586234547637474,0.3803418803418803
vest,0.8395,88,88,0,1.0,0.9581729333351077,0.37606837606837606
vest,0.8413,87,87,0,1.0,0.9577124930558795,0.3717948717948718
vest,0.843,86,86,0,1.0,0.9572418027142576,0.36752136752136755
vest,0.8447,85,85,0,1.0,0.9567605161859484,0.36324786324786323
vest,0.8465,84,84,0,1.0,0.95626827158534,0.358974358974359
vest,0.8482,83,83,0,1.0,0.9557646903580262,0.3547008547008547
vest,0.8499,82,82,0,1.0,0.9552493763098997,0.3504273504273504
vest,0.8517,81,81,0,1.0,0.9547219145675849,0.34615384615384615
vest,0.8534,80,80,0,1.0,0.954181870464473,0.3418803418803419
vest,0.8551,79,79,0,1.0,0.9536287883460772,0.33760683760683763
vest,0.8568,78,78,0,1.0,0.9530621902878058,0.3333333333333333
vest,0.8586,77,77,0,1.0,0.9524815747175658,0.32905982905982906
vest,0.8603,76,76,0,1.0,0.9518864149348628,0.3247863247863248
vest,0.862,75,75,0,1.0,0.9512761575171942,0.32051282051282054
vest,0.8638,74,74,0,1.0,0.9506502206036139,0.3162393162393162
vest,0.8655,73,73,0,1.0,0.950007992044269,0.31196581196581197
vest,0.8672,72,72,0,1.0,0.9493488274035422,0.3076923076923077
vest,0.8689,71,71,0,1.0,0.9486720478031097,0.3034188034188034
vest,0.8707,70,70,0,1.0,0.947976937589733,0.29914529914529914
vest,0.8724,69,69,0,1.0,0.9472627418109483,0.2948717948717949
vest,0.8741,68,68,0,1.0,0.9465286634799295,0.2905982905982906
vest,0.8759,67,67,0,1.0,0.9457738606086983,0.2863247863247863
vest,0.8776,66,66,0,1.0,0.9449974429864588,0.28205128205128205
vest,0.8793,65,65,0,1.0,0.9441984686771432,0.2777777777777778
vest,0.8811,64,64,0,1.0,0.9433759402071946,0.27350427350427353
vest,0.8828,63,63,0,1.0,0.9425288004111483,0.2692307692307692
vest,0.8845,62,62,0,1.0,0.9416559278986275,0.26495726495726496
vest,0.8862,61,61,0,1.0,0.9407561321018872,0.2606837606837607
vest,0.888,60,60,0,1.0,0.93982814785791,0.2564102564102564
vest,0.8897,59,59,0,1.0,0.9388706294732116,0.25213675213675213
vest,0.8914,58,58,0,1.0,0.9378821442127971,0.24786324786324787
vest,0.8932,57,57,0,1.0,0.9368611651470212,0.24358974358974358
vest,0.8949,56,56,0,1.0,0.9358060632812366,0.23931623931623933
vest,0.8966,55,55,0,1.0,0.9347150988829135,0.23504273504273504
vest,0.8983,54,54,0,1.0,0.9335864119091036,0.23076923076923078
vest,0.9001,53,53,0,1.0,0.9324180114234583,0.2264957264957265
vest,0.9018,52,52,0,1.0,0.9312077638761377,0.2222222222222222
vest,0.9035,51,51,0,1.0,0.9299533801014684,0.21794871794871795
vest,0.9053,50,50,0,1.0,0.9286524008666414,0.21367521367521367
vest,0.907,49,49,0,1.0,0.9273021807795037,0.2094017094017094
vest,0.9087,48,48,0,1.0,0.9258998703338824,0.20512820512820512
vest,0.9105,47,47,0,1.0,0.9244423958360036,0.20085470085470086
vest,0.9122,46,46,0,1.0,0.9229264369144196,0.19658119658119658
vest,0.9139,45,45,0,1.0,0.9213484012671117,0.19230769230769232
vest,0.9156,44,44,0,1.0,0.9197043962415193,0.18803418803418803
vest,0.9174,43,43,0,1.0,0.9179901967742088,0.18376068376068377
vest,0.9191,42,42,0,1.0,0.916201209134296,0.1794871794871795
vest,0.9208,41,41,0,1.0,0.9143324298155683,0.1752136752136752
vest,0.9226,40,40,0,1.0,0.9123783988027133,0.17094017094017094
vest,0.9243,39,39,0,1.0,0.9103331462924287,0.16666666666666666
vest,0.926,38,38,0,1.0,0.9081901317744159,0.1623931623931624
vest,0.9277,37,37,0,1.0,0.9059421741627975,0.1581196581196581
vest,0.9295,36,36,0,1.0,0.9035813714055363,0.15384615384615385
vest,0.9312,35,35,0,1.0,0.901099007675596,0.14957264957264957
vest,0.9329,34,34,0,1.0,0.8984854458466763,0.1452991452991453
vest,0.9347,33,33,0,1.0,0.8957300024575479,0.14102564102564102
vest,0.9364,32,32,0,1.0,0.8928208017449295,0.13675213675213677
vest,0.9381,31,31,0,1.0,0.889744604539564,0.13247863247863248
vest,0.9398,30,30,0,1.0,0.8864866068260313,0.1282051282051282
vest,0.9416,29,29,0,1.0,0.8830302015002593,0.12393162393162394
vest,0.9433,28,28,0,1.0,0.8793566952341545,0.11965811965811966
vest,0.945,27,27,0,1.0,0.8754449702581331,0.11538461538461539
vest,0.9468,26,26,0,1.0,0.8712710781407849,0.1111111111111111
vest,0.9485,25,25,0,1.0,0.8668077490609516,0.10683760683760683
vest,0.9502,24,24,0,1.0,0.8620237953250198,0.10256410256410256
vest,0.952,23,23,0,1.0,0.8568833815495732,0.09829059829059829
vest,0.9537,22,22,0,1.0,0.8513451253913792,0.09401709401709402
vest,0.9554,21,21,0,1.0,0.8453609810751531,0.08974358974358974
vest,0.9571,20,20,0,1.0,0.8388748419471806,0.08547008547008547
vest,0.9589,19,19,0,1.0,0.8318207759473837,0.0811965811965812
vest,0.9606,18,18,0,1.0,0.8241207763533424,0.07692307692307693
vest,0.9623,17,17,0,1.0,0.8156818649911481,0.07264957264957266
vest,0.9641,16,16,0,1.0,0.8063923194655637,0.06837606837606838
vest,0.9658,15,15,0,1.0,0.7961166989641514,0.0641025641025641
vest,0.9675,14,14,0,1.0,0.7846891972623643,0.05982905982905983
vest,0.9692,13,13,0,1.0,0.7719046276458016,0.05555555555555555
vest,0.971,12,12,0,1.0,0.7575059933447592,0.05128205128205128
vest,0.9727,11,11,0,1.0,0.7411670330319684,0.04700854700854701
vest,0.9744,10,10,0,1.0,0.7224672001371109,0.042735042735042736
vest,0.9762,9,9,0,1.0,0.7008549515804561,0.038461538461538464
vest,0.9779,8,8,0,1.0,0.6755924351161198,0.03418803418803419
vest,0.9796,7,7,0,1.0,0.6456695649333126,0.029914529914529916
vest,0.9814,6,6,0,1.0,0.6096657120978348,0.02564102564102564
vest,0.9831,5,5,0,1.0,0.5655175352168254,0.021367521367521368
vest,0.9848,4,4,0,1.0,0.5101091635454028,0.017094017094017096
vest,0.9865,3,3,0,1.0,0.43850296824495466,0.01282051282051282
vest,0.9883,2,2,0,1.0,0.3423802275066532,0.008547008547008548
vest,0.99,1,1,0,1.0,0.2065493143772375,0.004273504273504274
