candidate_id,class_name,conf,verdict,split,max_iou_same_class
person-0000,person,0.3000,accept,train,0.0200
person-0001,person,0.3017,reject,val,0.1017
person-0002,person,0.3035,reject,test,0.1833
person-0003,person,0.3052,reject,train,0.0433
person-0004,person,0.3069,reject,val,0.1250
person-0005,person,0.3086,reject,test,0.2067
person-0006,person,0.3104,reject,train,0.0667
person-0007,person,0.3121,reject,val,0.1483
person-0008,person,0.3138,accept,test,0.2300
person-0009,person,0.3156,reject,train,0.0900
person-0010,person,0.3173,reject,val,0.1717
person-0011,person,0.3190,reject,test,0.0317
person-0012,person,0.3208,reject,train,0.1133
person-0013,person,0.3225,reject,val,0.1950
person-0014,person,0.3242,reject,test,0.0550
person-0015,person,0.3259,reject,train,0.1367
person-0016,person,0.3277,accept,val,0.2183
person-0017,person,0.3294,reject,test,0.0783
person-0018,person,0.3311,reject,train,0.1600
person-0019,person,0.3329,reject,val,0.0200
person-0020,person,0.3346,reject,test,0.1017
person-0021,person,0.3363,reject,train,0.1833
person-0022,person,0.3380,reject,val,0.0433
person-0023,person,0.3398,reject,test,0.1250
person-0024,person,0.3415,accept,train,0.2067
person-0025,person,0.3432,reject,val,0.0667
person-0026,person,0.3450,reject,test,0.1483
person-0027,person,0.3467,reject,train,0.2300
person-0028,person,0.3484,reject,val,0.0900
person-0029,person,0.3502,reject,test,0.1717
person-0030,person,0.3519,reject,train,0.0317
person-0031,person,0.3536,reject,val,0.1133
person-0032,person,0.3553,accept,test,0.1950
person-0033,person,0.3571,reject,train,0.0550
person-0034,person,0.3588,reject,val,0.1367
person-0035,person,0.3605,reject,test,0.2183
person-0036,person,0.3623,reject,train,0.0783
person-0037,person,0.3640,reject,val,0.1600
person-0038,person,0.3657,reject,test,0.0200
person-0039,person,0.3674,reject,train,0.1017
person-0040,person,0.3692,accept,val,0.1833
person-0041,person,0.3709,reject,test,0.0433
person-0042,person,0.3726,reject,train,0.1250
person-0043,person,0.3744,reject,val,0.2067
person-0044,person,0.3761,reject,test,0.0667
person-0045,person,0.3778,reject,train,0.1483
person-0046,person,0.3795,reject,val,0.2300
person-0047,person,0.3813,reject,test,0.0900
person-0048,person,0.3830,accept,train,0.1717
person-0049,person,0.3847,reject,val,0.0317
person-0050,person,0.3865,reject,test,0.1133
person-0051,person,0.3882,reject,train,0.1950
person-0052,person,0.3899,reject,val,0.0550
person-0053,person,0.3917,reject,test,0.1367
person-0054,person,0.3934,reject,train,0.2183
person-0055,person,0.3951,reject,val,0.0783
person-0056,person,0.3968,accept,test,0.1600
person-0057,person,0.3986,reject,train,0.0200
person-0058,person,0.4003,reject,val,0.1017
person-0059,person,0.4020,reject,test,0.1833
person-0060,person,0.4038,reject,train,0.0433
person-0061,person,0.4055,reject,val,0.1250
person-0062,person,0.4072,reject,test,0.2067
person-0063,person,0.4089,reject,train,0.0667
person-0064,person,0.4107,accept,val,0.1483
person-0065,person,0.4124,reject,test,0.2300
person-0066,person,0.4141,reject,train,0.0900
person-0067,person,0.4159,reject,val,0.1717
person-0068,person,0.4176,reject,test,0.0317
person-0069,person,0.4193,reject,train,0.1133
person-0070,person,0.4211,reject,val,0.1950
person-0071,person,0.4228,reject,test,0.0550
person-0072,person,0.4245,accept,train,0.1367
person-0073,person,0.4262,reject,val,0.2183
person-0074,person,0.4280,reject,test,0.0783
person-0075,person,0.4297,reject,train,0.1600
person-0076,person,0.4314,reject,val,0.0200
person-0077,person,0.4332,reject,test,0.1017
person-0078,person,0.4349,reject,train,0.1833
person-0079,person,0.4366,reject,val,0.0433
person-0080,person,0.4383,accept,test,0.1250
person-0081,person,0.4401,reject,train,0.2067
person-0082,person,0.4418,reject,val,0.0667
person-0083,person,0.4435,reject,test,0.1483
person-0084,person,0.4453,reject,train,0.2300
person-0085,person,0.4470,reject,val,0.0900
person-0086,person,0.4487,reject,test,0.1717
person-0087,person,0.4505,reject,train,0.0317
person-0088,person,0.4522,accept,val,0.1133
person-0089,person,0.4539,reject,test,0.1950
person-0090,person,0.4556,reject,train,0.0550
person-0091,person,0.4574,reject,val,0.1367
person-0092,person,0.4591,reject,test,0.2183
person-0093,person,0.4608,reject,train,0.0783
person-0094,person,0.4626,reject,val,0.1600
person-0095,person,0.4643,reject,test,0.0200
person-0096,person,0.4660,accept,train,0.1017
person-0097,person,0.4677,reject,val,0.1833
person-0098,person,0.4695,reject,test,0.0433
person-0099,person,0.4712,reject,train,0.1250
person-0100,person,0.4729,reject,val,0.2067
person-0101,person,0.4747,reject,test,0.0667
person-0102,person,0.4764,reject,train,0.1483
person-0103,person,0.4781,reject,val,0.2300
person-0104,person,0.4798,accept,test,0.0900
person-0105,person,0.4816,reject,train,0.1717
person-0106,person,0.4833,reject,val,0.0317
person-0107,person,0.4850,reject,test,0.1133
person-0108,person,0.4868,reject,train,0.1950
person-0109,person,0.4885,reject,val,0.0550
person-0110,person,0.4902,reject,test,0.1367
person-0111,person,0.4920,reject,train,0.2183
person-0112,person,0.4937,accept,val,0.0783
person-0113,person,0.4954,reject,test,0.1600
person-0114,person,0.4971,reject,train,0.0200
person-0115,person,0.4989,reject,val,0.1017
person-0116,person,0.5006,accept,test,0.1833
person-0117,person,0.5023,accept,train,0.0433
person-0118,person,0.5041,accept,val,0.1250
person-0119,person,0.5058,accept,test,0.2067
person-0120,person,0.5075,reject,train,0.0667
person-0121,person,0.5092,accept,val,0.1483
person-0122,person,0.5110,accept,test,0.2300
person-0123,person,0.5127,accept,train,0.0900
person-0124,person,0.5144,accept,val,0.1717
person-0125,person,0.5162,reject,test,0.0317
person-0126,person,0.5179,accept,train,0.1133
person-0127,person,0.5196,accept,val,0.1950
person-0128,person,0.5214,accept,test,0.0550
person-0129,person,0.5231,accept,train,0.1367
person-0130,person,0.5248,reject,val,0.2183
person-0131,person,0.5265,accept,test,0.0783
person-0132,person,0.5283,accept,train,0.1600
person-0133,person,0.5300,accept,val,0.0200
person-0134,person,0.5317,accept,test,0.1017
person-0135,person,0.5335,reject,train,0.1833
person-0136,person,0.5352,accept,val,0.0433
person-0137,person,0.5369,accept,test,0.1250
person-0138,person,0.5386,accept,train,0.2067
person-0139,person,0.5404,accept,val,0.0667
person-0140,person,0.5421,reject,test,0.1483
person-0141,person,0.5438,accept,train,0.2300
person-0142,person,0.5456,accept,val,0.0900
person-0143,person,0.5473,accept,test,0.1717
person-0144,person,0.5490,accept,train,0.0317
person-0145,person,0.5508,reject,val,0.1133
person-0146,person,0.5525,accept,test,0.1950
person-0147,person,0.5542,accept,train,0.0550
person-0148,person,0.5559,accept,val,0.1367
person-0149,person,0.5577,accept,test,0.2183
person-0150,person,0.5594,reject,train,0.0783
person-0151,person,0.5611,accept,val,0.1600
person-0152,person,0.5629,accept,test,0.0200
person-0153,person,0.5646,accept,train,0.1017
person-0154,person,0.5663,accept,val,0.1833
person-0155,person,0.5680,reject,test,0.0433
person-0156,person,0.5698,accept,train,0.1250
person-0157,person,0.5715,accept,val,0.2067
person-0158,person,0.5732,accept,test,0.0667
person-0159,person,0.5750,accept,train,0.1483
person-0160,person,0.5767,reject,val,0.2300
person-0161,person,0.5784,accept,test,0.0900
person-0162,person,0.5802,accept,train,0.1717
person-0163,person,0.5819,accept,val,0.0317
person-0164,person,0.5836,accept,test,0.1133
person-0165,person,0.5853,reject,train,0.1950
person-0166,person,0.5871,accept,val,0.0550
person-0167,person,0.5888,accept,test,0.1367
person-0168,person,0.5905,accept,train,0.2183
person-0169,person,0.5923,accept,val,0.0783
person-0170,person,0.5940,reject,test,0.1600
person-0171,person,0.5957,accept,train,0.0200
person-0172,person,0.5974,accept,val,0.1017
person-0173,person,0.5992,accept,test,0.1833
person-0174,person,0.6009,accept,train,0.0433
person-0175,person,0.6026,reject,val,0.1250
person-0176,person,0.6044,accept,test,0.2067
person-0177,person,0.6061,accept,train,0.0667
person-0178,person,0.6078,accept,val,0.1483
person-0179,person,0.6095,accept,test,0.2300
person-0180,person,0.6113,reject,train,0.0900
person-0181,person,0.6130,accept,val,0.1717
person-0182,person,0.6147,accept,test,0.0317
person-0183,person,0.6165,accept,train,0.1133
person-0184,person,0.6182,accept,val,0.1950
person-0185,person,0.6199,reject,test,0.0550
person-0186,person,0.6217,accept,train,0.1367
person-0187,person,0.6234,accept,val,0.2183
person-0188,person,0.6251,accept,test,0.0783
person-0189,person,0.6268,accept,train,0.1600
person-0190,person,0.6286,reject,val,0.0200
person-0191,person,0.6303,accept,test,0.1017
person-0192,person,0.6320,accept,train,0.1833
person-0193,person,0.6338,accept,val,0.0433
person-0194,person,0.6355,accept,test,0.1250
person-0195,person,0.6372,reject,train,0.2067
person-0196,person,0.6389,accept,val,0.0667
person-0197,person,0.6407,accept,test,0.1483
person-0198,person,0.6424,accept,train,0.2300
person-0199,person,0.6441,accept,val,0.0900
person-0200,person,0.6459,reject,test,0.1717
person-0201,person,0.6476,accept,train,0.0317
person-0202,person,0.6493,accept,val,0.1133
person-0203,person,0.6511,accept,test,0.1950
person-0204,person,0.6528,accept,train,0.0550
person-0205,person,0.6545,reject,val,0.1367
person-0206,person,0.6562,accept,test,0.2183
person-0207,person,0.6580,accept,train,0.0783
person-0208,person,0.6597,accept,val,0.1600
person-0209,person,0.6614,accept,test,0.0200
person-0210,person,0.6632,reject,train,0.1017
person-0211,person,0.6649,accept,val,0.1833
person-0212,person,0.6666,accept,test,0.0433
person-0213,person,0.6683,accept,train,0.1250
person-0214,person,0.6701,accept,val,0.2067
person-0215,person,0.6718,reject,test,0.0667
person-0216,person,0.6735,accept,train,0.1483
person-0217,person,0.6753,accept,val,0.2300
person-0218,person,0.6770,accept,test,0.0900
person-0219,person,0.6787,accept,train,0.1717
person-0220,person,0.6805,reject,val,0.0317
person-0221,person,0.6822,accept,test,0.1133
person-0222,person,0.6839,accept,train,0.1950
person-0223,person,0.6856,accept,val,0.0550
person-0224,person,0.6874,accept,test,0.1367
person-0225,person,0.6891,reject,train,0.2183
person-0226,person,0.6908,accept,val,0.0783
person-0227,person,0.6926,accept,test,0.1600
person-0228,person,0.6943,accept,train,0.0200
person-0229,person,0.6960,accept,val,0.1017
person-0230,person,0.6977,reject,test,0.1833
person-0231,person,0.6995,accept,train,0.0433
person-0232,person,0.7012,accept,val,0.1250
person-0233,person,0.7029,accept,test,0.2067
person-0234,person,0.7047,accept,train,0.0667
person-0235,person,0.7064,reject,val,0.1483
person-0236,person,0.7081,accept,test,0.2300
person-0237,person,0.7098,accept,train,0.0900
person-0238,person,0.7116,accept,val,0.1717
person-0239,person,0.7133,accept,test,0.0317
person-0240,person,0.7150,reject,train,0.1133
person-0241,person,0.7168,accept,val,0.1950
person-0242,person,0.7185,accept,test,0.0550
person-0243,person,0.7202,accept,train,0.1367
person-0244,person,0.7220,accept,val,0.2183
person-0245,person,0.7237,reject,test,0.0783
person-0246,person,0.7254,accept,train,0.1600
person-0247,person,0.7271,accept,val,0.0200
person-0248,person,0.7289,accept,test,0.1017
person-0249,person,0.7306,accept,train,0.1833
person-0250,person,0.7323,reject,val,0.0433
person-0251,person,0.7341,accept,test,0.1250
person-0252,person,0.7358,accept,train,0.2067
person-0253,person,0.7375,accept,val,0.0667
person-0254,person,0.7392,accept,test,0.1483
person-0255,person,0.7410,reject,train,0.2300
person-0256,person,0.7427,accept,val,0.0900
person-0257,person,0.7444,accept,test,0.1717
person-0258,person,0.7462,accept,train,0.0317
person-0259,person,0.7479,accept,val,0.1133
person-0260,person,0.7496,reject,test,0.1950
person-0261,person,0.7514,accept,train,0.0550
person-0262,person,0.7531,accept,val,0.1367
person-0263,person,0.7548,accept,test,0.2183
person-0264,person,0.7565,accept,train,0.0783
person-0265,person,0.7583,reject,val,0.1600
person-0266,person,0.7600,accept,test,0.0200
person-0267,person,0.7617,accept,train,0.1017
person-0268,person,0.7635,accept,val,0.1833
person-0269,person,0.7652,accept,test,0.0433
person-0270,person,0.7669,reject,train,0.1250
person-0271,person,0.7686,accept,val,0.2067
person-0272,person,0.7704,accept,test,0.0667
person-0273,person,0.7721,accept,train,0.1483
person-0274,person,0.7738,accept,val,0.2300
person-0275,person,0.7756,reject,test,0.0900
person-0276,person,0.7773,accept,train,0.1717
person-0277,person,0.7790,accept,val,0.0317
person-0278,person,0.7808,accept,test,0.1133
person-0279,person,0.7825,accept,train,0.1950
person-0280,person,0.7842,accept,val,0.0550
person-0281,person,0.7859,accept,test,0.1367
person-0282,person,0.7877,accept,train,0.2183
person-0283,person,0.7894,accept,val,0.0783
person-0284,person,0.7911,accept,test,0.1600
person-0285,person,0.7929,accept,train,0.0200
person-0286,person,0.7946,accept,val,0.1017
person-0287,person,0.7963,accept,test,0.1833
person-0288,person,0.7980,accept,train,0.0433
person-0289,person,0.7998,accept,val,0.1250
person-0290,person,0.8015,accept,test,0.2067
person-0291,person,0.8032,accept,train,0.0667
person-0292,person,0.8050,accept,val,0.1483
person-0293,person,0.8067,accept,test,0.2300
person-0294,person,0.8084,accept,train,0.0900
person-0295,person,0.8102,accept,val,0.1717
person-0296,person,0.8119,accept,test,0.0317
person-0297,person,0.8136,accept,train,0.1133
person-0298,person,0.8153,accept,val,0.1950
person-0299,person,0.8171,accept,test,0.0550
person-0300,person,0.8188,accept,train,0.1367
person-0301,person,0.8205,accept,val,0.2183
person-0302,person,0.8223,accept,test,0.0783
person-0303,person,0.8240,accept,train,0.1600
person-0304,person,0.8257,accept,val,0.0200
person-0305,person,0.8274,accept,test,0.1017
person-0306,person,0.8292,accept,train,0.1833
person-0307,person,0.8309,accept,val,0.0433
person-0308,person,0.8326,accept,test,0.1250
person-0309,person,0.8344,accept,train,0.2067
person-0310,person,0.8361,accept,val,0.0667
person-0311,person,0.8378,accept,test,0.1483
person-0312,person,0.8395,accept,train,0.2300
person-0313,person,0.8413,accept,val,0.0900
person-0314,person,0.8430,accept,test,0.1717
person-0315,person,0.8447,accept,train,0.0317
person-0316,person,0.8465,accept,val,0.1133
person-0317,person,0.8482,accept,test,0.1950
person-0318,person,0.8499,accept,train,0.0550
person-0319,person,0.8517,accept,val,0.1367
person-0320,person,0.8534,accept,test,0.2183
person-0321,person,0.8551,accept,train,0.0783
person-0322,person,0.8568,accept,val,0.1600
person-0323,person,0.8586,accept,test,0.0200
person-0324,person,0.8603,accept,train,0.1017
person-0325,person,0.8620,accept,val,0.1833
person-0326,person,0.8638,accept,test,0.0433
person-0327,person,0.8655,accept,train,0.1250
person-0328,person,0.8672,accept,val,0.2067
person-0329,person,0.8689,accept,test,0.0667
person-0330,person,0.8707,accept,train,0.1483
person-0331,person,0.8724,accept,val,0.2300
person-0332,person,0.8741,accept,test,0.0900
person-0333,person,0.8759,accept,train,0.1717
person-0334,person,0.8776,accept,val,0.0317
person-0335,person,0.8793,accept,test,0.1133
person-0336,person,0.8811,accept,train,0.1950
person-0337,person,0.8828,accept,val,0.0550
person-0338,person,0.8845,accept,test,0.1367
person-0339,person,0.8862,accept,train,0.2183
person-0340,person,0.8880,accept,val,0.0783
person-0341,person,0.8897,accept,test,0.1600
person-0342,person,0.8914,accept,train,0.0200
person-0343,person,0.8932,accept,val,0.1017
person-0344,person,0.8949,accept,test,0.1833
person-0345,person,0.8966,accept,train,0.0433
person-0346,person,0.8983,accept,val,0.1250
person-0347,person,0.9001,accept,test,0.2067
person-0348,person,0.9018,accept,train,0.0667
person-0349,person,0.9035,accept,val,0.1483
person-0350,person,0.9053,accept,test,0.2300
person-0351,person,0.9070,accept,train,0.0900
person-0352,person,0.9087,accept,val,0.1717
person-0353,person,0.9105,accept,test,0.0317
person-0354,person,0.9122,accept,train,0.1133
person-0355,person,0.9139,accept,val,0.1950
person-0356,person,0.9156,accept,test,0.0550
person-0357,person,0.9174,accept,train,0.1367
person-0358,person,0.9191,accept,val,0.2183
person-0359,person,0.9208,accept,test,0.0783
person-0360,person,0.9226,accept,train,0.1600
person-0361,person,0.9243,accept,val,0.0200
person-0362,person,0.9260,accept,test,0.1017
person-0363,person,0.9277,accept,train,0.1833
person-0364,person,0.9295,accept,val,0.0433
person-0365,person,0.9312,accept,test,0.1250
person-0366,person,0.9329,accept,train,0.2067
person-0367,person,0.9347,accept,val,0.0667
person-0368,person,0.9364,accept,test,0.1483
person-0369,person,0.9381,accept,train,0.2300
person-0370,person,0.9398,accept,val,0.0900
person-0371,person,0.9416,accept,test,0.1717
person-0372,person,0.9433,accept,train,0.0317
person-0373,person,0.9450,accept,val,0.1133
person-0374,person,0.9468,accept,test,0.1950
person-0375,person,0.9485,accept,train,0.0550
person-0376,person,0.9502,accept,val,0.1367
person-0377,person,0.9520,accept,test,0.2183
person-0378,person,0.9537,accept,train,0.0783
person-0379,person,0.9554,accept,val,0.1600
person-0380,person,0.9571,accept,test,0.0200
person-0381,person,0.9589,accept,train,0.1017
person-0382,person,0.9606,accept,val,0.1833
person-0383,person,0.9623,accept,test,0.0433
person-0384,person,0.9641,accept,train,0.1250
person-0385,person,0.9658,accept,val,0.2067
person-0386,person,0.9675,accept,test,0.0667
person-0387,person,0.9692,accept,train,0.1483
person-0388,person,0.9710,accept,val,0.2300
person-0389,person,0.9727,accept,test,0.0900
person-0390,person,0.9744,accept,train,0.1717
person-0391,person,0.9762,accept,val,0.0317
person-0392,person,0.9779,accept,test,0.1133
person-0393,person,0.9796,accept,train,0.1950
person-0394,person,0.9814,accept,val,0.0550
person-0395,person,0.9831,accept,test,0.1367
person-0396,person,0.9848,accept,train,0.2183
person-0397,person,0.9865,accept,val,0.0783
person-0398,person,0.9883,accept,test,0.1600
person-0399,person,0.9900,accept,train,0.0200
helmet-0000,helmet,0.3000,reject,train,0.0317
helmet-0001,helmet,0.3017,reject,val,0.1133
helmet-0002,helmet,0.3035,reject,test,0.1950
helmet-0003,helmet,0.3052,reject,train,0.0550
helmet-0004,helmet,0.3069,reject,val,0.1367
helmet-0005,helmet,0.3086,reject,test,0.2183
helmet-0006,helmet,0.3104,accept,train,0.0783
helmet-0007,helmet,0.3121,reject,val,0.1600
helmet-0008,helmet,0.3138,reject,test,0.0200
helmet-0009,helmet,0.3156,reject,train,0.1017
helmet-0010,helmet,0.3173,reject,val,0.1833
helmet-0011,helmet,0.3190,reject,test,0.0433
helmet-0012,helmet,0.3208,reject,train,0.1250
helmet-0013,helmet,0.3225,reject,val,0.2067
helmet-0014,helmet,0.3242,accept,test,0.0667
helmet-0015,helmet,0.3259,reject,train,0.1483
helmet-0016,helmet,0.3277,reject,val,0.2300
helmet-0017,helmet,0.3294,reject,test,0.0900
helmet-0018,helmet,0.3311,reject,train,0.1717
helmet-0019,helmet,0.3329,reject,val,0.0317
helmet-0020,helmet,0.3346,reject,test,0.1133
helmet-0021,helmet,0.3363,reject,train,0.1950
helmet-0022,helmet,0.3380,accept,val,0.0550
helmet-0023,helmet,0.3398,reject,test,0.1367
helmet-0024,helmet,0.3415,reject,train,0.2183
helmet-0025,helmet,0.3432,reject,val,0.0783
helmet-0026,helmet,0.3450,reject,test,0.1600
helmet-0027,helmet,0.3467,reject,train,0.0200
helmet-0028,helmet,0.3484,reject,val,0.1017
helmet-0029,helmet,0.3502,reject,test,0.1833
helmet-0030,helmet,0.3519,accept,train,0.0433
helmet-0031,helmet,0.3536,reject,val,0.1250
helmet-0032,helmet,0.3553,reject,test,0.2067
helmet-0033,helmet,0.3571,reject,train,0.0667
helmet-0034,helmet,0.3588,reject,val,0.1483
helmet-0035,helmet,0.3605,reject,test,0.2300
helmet-0036,helmet,0.3623,reject,train,0.0900
helmet-0037,helmet,0.3640,reject,val,0.1717
helmet-0038,helmet,0.3657,accept,test,0.0317
helmet-0039,helmet,0.3674,reject,train,0.1133
helmet-0040,helmet,0.3692,reject,val,0.1950
helmet-0041,helmet,0.3709,reject,test,0.0550
helmet-0042,helmet,0.3726,reject,train,0.1367
helmet-0043,helmet,0.3744,reject,val,0.2183
helmet-0044,helmet,0.3761,reject,test,0.0783
helmet-0045,helmet,0.3778,reject,train,0.1600
helmet-0046,helmet,0.3795,accept,val,0.0200
helmet-0047,helmet,0.3813,reject,test,0.1017
helmet-0048,helmet,0.3830,reject,train,0.1833
helmet-0049,helmet,0.3847,reject,val,0.0433
helmet-0050,helmet,0.3865,reject,test,0.1250
helmet-0051,helmet,0.3882,reject,train,0.2067
helmet-0052,helmet,0.3899,reject,val,0.0667
helmet-0053,helmet,0.3917,reject,test,0.1483
helmet-0054,helmet,0.3934,accept,train,0.2300
helmet-0055,helmet,0.3951,reject,val,0.0900
helmet-0056,helmet,0.3968,reject,test,0.1717
helmet-0057,helmet,0.3986,reject,train,0.0317
helmet-0058,helmet,0.4003,reject,val,0.1133
helmet-0059,helmet,0.4020,reject,test,0.1950
helmet-0060,helmet,0.4038,reject,train,0.0550
helmet-0061,helmet,0.4055,reject,val,0.1367
helmet-0062,helmet,0.4072,accept,test,0.2183
helmet-0063,helmet,0.4089,reject,train,0.0783
helmet-0064,helmet,0.4107,reject,val,0.1600
helmet-0065,helmet,0.4124,reject,test,0.0200
helmet-0066,helmet,0.4141,reject,train,0.1017
helmet-0067,helmet,0.4159,reject,val,0.1833
helmet-0068,helmet,0.4176,reject,test,0.0433
helmet-0069,helmet,0.4193,reject,train,0.1250
helmet-0070,helmet,0.4211,accept,val,0.2067
helmet-0071,helmet,0.4228,reject,test,0.0667
helmet-0072,helmet,0.4245,reject,train,0.1483
helmet-0073,helmet,0.4262,reject,val,0.2300
helmet-0074,helmet,0.4280,reject,test,0.0900
helmet-0075,helmet,0.4297,reject,train,0.1717
helmet-0076,helmet,0.4314,reject,val,0.0317
helmet-0077,helmet,0.4332,reject,test,0.1133
helmet-0078,helmet,0.4349,accept,train,0.1950
helmet-0079,helmet,0.4366,reject,val,0.0550
helmet-0080,helmet,0.4383,reject,test,0.1367
helmet-0081,helmet,0.4401,reject,train,0.2183
helmet-0082,helmet,0.4418,reject,val,0.0783
helmet-0083,helmet,0.4435,reject,test,0.1600
helmet-0084,helmet,0.4453,reject,train,0.0200
helmet-0085,helmet,0.4470,reject,val,0.1017
helmet-0086,helmet,0.4487,accept,test,0.1833
helmet-0087,helmet,0.4505,reject,train,0.0433
helmet-0088,helmet,0.4522,reject,val,0.1250
helmet-0089,helmet,0.4539,reject,test,0.2067
helmet-0090,helmet,0.4556,reject,train,0.0667
helmet-0091,helmet,0.4574,reject,val,0.1483
helmet-0092,helmet,0.4591,reject,test,0.2300
helmet-0093,helmet,0.4608,reject,train,0.0900
helmet-0094,helmet,0.4626,accept,val,0.1717
helmet-0095,helmet,0.4643,reject,test,0.0317
helmet-0096,helmet,0.4660,reject,train,0.1133
helmet-0097,helmet,0.4677,reject,val,0.1950
helmet-0098,helmet,0.4695,reject,test,0.0550
helmet-0099,helmet,0.4712,reject,train,0.1367
helmet-0100,helmet,0.4729,reject,val,0.2183
helmet-0101,helmet,0.4747,reject,test,0.0783
helmet-0102,helmet,0.4764,accept,train,0.1600
helmet-0103,helmet,0.4781,reject,val,0.0200
helmet-0104,helmet,0.4798,reject,test,0.1017
helmet-0105,helmet,0.4816,reject,train,0.1833
helmet-0106,helmet,0.4833,reject,val,0.0433
helmet-0107,helmet,0.4850,reject,test,0.1250
helmet-0108,helmet,0.4868,reject,train,0.2067
helmet-0109,helmet,0.4885,reject,val,0.0667
helmet-0110,helmet,0.4902,accept,test,0.1483
helmet-0111,helmet,0.4920,reject,train,0.2300
helmet-0112,helmet,0.4937,reject,val,0.0900
helmet-0113,helmet,0.4954,reject,test,0.1717
helmet-0114,helmet,0.4971,reject,train,0.0317
helmet-0115,helmet,0.4989,reject,val,0.1133
helmet-0116,helmet,0.5006,reject,test,0.1950
helmet-0117,helmet,0.5023,reject,train,0.0550
helmet-0118,helmet,0.5041,accept,val,0.1367
helmet-0119,helmet,0.5058,reject,test,0.2183
helmet-0120,helmet,0.5075,reject,train,0.0783
helmet-0121,helmet,0.5092,reject,val,0.1600
helmet-0122,helmet,0.5110,reject,test,0.0200
helmet-0123,helmet,0.5127,reject,train,0.1017
helmet-0124,helmet,0.5144,reject,val,0.1833
helmet-0125,helmet,0.5162,reject,test,0.0433
helmet-0126,helmet,0.5179,accept,train,0.1250
helmet-0127,helmet,0.5196,reject,val,0.2067
helmet-0128,helmet,0.5214,accept,test,0.0667
helmet-0129,helmet,0.5231,reject,train,0.1483
helmet-0130,helmet,0.5248,accept,val,0.2300
helmet-0131,helmet,0.5265,accept,test,0.0900
helmet-0132,helmet,0.5283,accept,train,0.1717
helmet-0133,helmet,0.5300,accept,val,0.0317
helmet-0134,helmet,0.5317,reject,test,0.1133
helmet-0135,helmet,0.5335,accept,train,0.1950
helmet-0136,helmet,0.5352,accept,val,0.0550
helmet-0137,helmet,0.5369,accept,test,0.1367
helmet-0138,helmet,0.5386,accept,train,0.2183
helmet-0139,helmet,0.5404,reject,val,0.0783
helmet-0140,helmet,0.5421,accept,test,0.1600
helmet-0141,helmet,0.5438,accept,train,0.0200
helmet-0142,helmet,0.5456,accept,val,0.1017
helmet-0143,helmet,0.5473,accept,test,0.1833
helmet-0144,helmet,0.5490,reject,train,0.0433
helmet-0145,helmet,0.5508,accept,val,0.1250
helmet-0146,helmet,0.5525,accept,test,0.2067
helmet-0147,helmet,0.5542,accept,train,0.0667
helmet-0148,helmet,0.5559,accept,val,0.1483
helmet-0149,helmet,0.5577,reject,test,0.2300
helmet-0150,helmet,0.5594,accept,train,0.0900
helmet-0151,helmet,0.5611,accept,val,0.1717
helmet-0152,helmet,0.5629,accept,test,0.0317
helmet-0153,helmet,0.5646,accept,train,0.1133
helmet-0154,helmet,0.5663,reject,val,0.1950
helmet-0155,helmet,0.5680,accept,test,0.0550
helmet-0156,helmet,0.5698,accept,train,0.1367
helmet-0157,helmet,0.5715,accept,val,0.2183
helmet-0158,helmet,0.5732,accept,test,0.0783
helmet-0159,helmet,0.5750,reject,train,0.1600
helmet-0160,helmet,0.5767,accept,val,0.0200
helmet-0161,helmet,0.5784,accept,test,0.1017
helmet-0162,helmet,0.5802,accept,train,0.1833
helmet-0163,helmet,0.5819,accept,val,0.0433
helmet-0164,helmet,0.5836,reject,test,0.1250
helmet-0165,helmet,0.5853,accept,train,0.2067
helmet-0166,helmet,0.5871,accept,val,0.0667
helmet-0167,helmet,0.5888,accept,test,0.1483
helmet-0168,helmet,0.5905,accept,train,0.2300
helmet-0169,helmet,0.5923,reject,val,0.0900
helmet-0170,helmet,0.5940,accept,test,0.1717
helmet-0171,helmet,0.5957,accept,train,0.0317
helmet-0172,helmet,0.5974,accept,val,0.1133
helmet-0173,helmet,0.5992,accept,test,0.1950
helmet-0174,helmet,0.6009,reject,train,0.0550
helmet-0175,helmet,0.6026,accept,val,0.1367
helmet-0176,helmet,0.6044,accept,test,0.2183
helmet-0177,helmet,0.6061,accept,train,0.0783
helmet-0178,helmet,0.6078,accept,val,0.1600
helmet-0179,helmet,0.6095,reject,test,0.0200
helmet-0180,helmet,0.6113,accept,train,0.1017
helmet-0181,helmet,0.6130,accept,val,0.1833
helmet-0182,helmet,0.6147,accept,test,0.0433
helmet-0183,helmet,0.6165,accept,train,0.1250
helmet-0184,helmet,0.6182,reject,val,0.2067
helmet-0185,helmet,0.6199,accept,test,0.0667
helmet-0186,helmet,0.6217,accept,train,0.1483
helmet-0187,helmet,0.6234,accept,val,0.2300
helmet-0188,helmet,0.6251,accept,test,0.0900
helmet-0189,helmet,0.6268,reject,train,0.1717
helmet-0190,helmet,0.6286,accept,val,0.0317
helmet-0191,helmet,0.6303,accept,test,0.1133
helmet-0192,helmet,0.6320,accept,train,0.1950
helmet-0193,helmet,0.6338,accept,val,0.0550
helmet-0194,helmet,0.6355,reject,test,0.1367
helmet-0195,helmet,0.6372,accept,train,0.2183
helmet-0196,helmet,0.6389,accept,val,0.0783
helmet-0197,helmet,0.6407,accept,test,0.1600
helmet-0198,helmet,0.6424,accept,train,0.0200
helmet-0199,helmet,0.6441,reject,val,0.1017
helmet-0200,helmet,0.6459,accept,test,0.1833
helmet-0201,helmet,0.6476,accept,train,0.0433
helmet-0202,helmet,0.6493,accept,val,0.1250
helmet-0203,helmet,0.6511,accept,test,0.2067
helmet-0204,helmet,0.6528,reject,train,0.0667
helmet-0205,helmet,0.6545,accept,val,0.1483
helmet-0206,helmet,0.6562,accept,test,0.2300
helmet-0207,helmet,0.6580,accept,train,0.0900
helmet-0208,helmet,0.6597,accept,val,0.1717
helmet-0209,helmet,0.6614,reject,test,0.0317
helmet-0210,helmet,0.6632,accept,train,0.1133
helmet-0211,helmet,0.6649,accept,val,0.1950
helmet-0212,helmet,0.6666,accept,test,0.0550
helmet-0213,helmet,0.6683,accept,train,0.1367
helmet-0214,helmet,0.6701,reject,val,0.2183
helmet-0215,helmet,0.6718,accept,test,0.0783
helmet-0216,helmet,0.6735,accept,train,0.1600
helmet-0217,helmet,0.6753,accept,val,0.0200
helmet-0218,helmet,0.6770,accept,test,0.1017
helmet-0219,helmet,0.6787,reject,train,0.1833
helmet-0220,helmet,0.6805,accept,val,0.0433
helmet-0221,helmet,0.6822,accept,test,0.1250
helmet-0222,helmet,0.6839,accept,train,0.2067
helmet-0223,helmet,0.6856,accept,val,0.0667
helmet-0224,helmet,0.6874,reject,test,0.1483
helmet-0225,helmet,0.6891,accept,train,0.2300
helmet-0226,helmet,0.6908,accept,val,0.0900
helmet-0227,helmet,0.6926,accept,test,0.1717
helmet-0228,helmet,0.6943,accept,train,0.0317
helmet-0229,helmet,0.6960,reject,val,0.1133
helmet-0230,helmet,0.6977,accept,test,0.1950
helmet-0231,helmet,0.6995,accept,train,0.0550
helmet-0232,helmet,0.7012,accept,val,0.1367
helmet-0233,helmet,0.7029,accept,test,0.2183
helmet-0234,helmet,0.7047,reject,train,0.0783
helmet-0235,helmet,0.7064,accept,val,0.1600
helmet-0236,helmet,0.7081,accept,test,0.0200
helmet-0237,helmet,0.7098,accept,train,0.1017
helmet-0238,helmet,0.7116,accept,val,0.1833
helmet-0239,helmet,0.7133,reject,test,0.0433
helmet-0240,helmet,0.7150,accept,train,0.1250
helmet-0241,helmet,0.7168,accept,val,0.2067
helmet-0242,helmet,0.7185,accept,test,0.0667
helmet-0243,helmet,0.7202,accept,train,0.1483
helmet-0244,helmet,0.7220,reject,val,0.2300
helmet-0245,helmet,0.7237,accept,test,0.0900
helmet-0246,helmet,0.7254,accept,train,0.1717
helmet-0247,helmet,0.7271,accept,val,0.0317
helmet-0248,helmet,0.7289,accept,test,0.1133
helmet-0249,helmet,0.7306,reject,train,0.1950
helmet-0250,helmet,0.7323,accept,val,0.0550
helmet-0251,helmet,0.7341,accept,test,0.1367
helmet-0252,helmet,0.7358,accept,train,0.2183
helmet-0253,helmet,0.7375,accept,val,0.0783
helmet-0254,helmet,0.7392,reject,test,0.1600
helmet-0255,helmet,0.7410,accept,train,0.0200
helmet-0256,helmet,0.7427,accept,val,0.1017
helmet-0257,helmet,0.7444,accept,test,0.1833
helmet-0258,helmet,0.7462,accept,train,0.0433
helmet-0259,helmet,0.7479,reject,val,0.1250
helmet-0260,helmet,0.7496,accept,test,0.2067
helmet-0261,helmet,0.7514,accept,train,0.0667
helmet-0262,helmet,0.7531,accept,val,0.1483
helmet-0263,helmet,0.7548,accept,test,0.2300
helmet-0264,helmet,0.7565,reject,train,0.0900
helmet-0265,helmet,0.7583,accept,val,0.1717
helmet-0266,helmet,0.7600,accept,test,0.0317
helmet-0267,helmet,0.7617,accept,train,0.1133
helmet-0268,helmet,0.7635,accept,val,0.1950
helmet-0269,helmet,0.7652,reject,test,0.0550
helmet-0270,helmet,0.7669,accept,train,0.1367
helmet-0271,helmet,0.7686,accept,val,0.2183
helmet-0272,helmet,0.7704,accept,test,0.0783
helmet-0273,helmet,0.7721,accept,train,0.1600
helmet-0274,helmet,0.7738,reject,val,0.0200
helmet-0275,helmet,0.7756,accept,test,0.1017
helmet-0276,helmet,0.7773,accept,train,0.1833
helmet-0277,helmet,0.7790,accept,val,0.0433
helmet-0278,helmet,0.7808,accept,test,0.1250
helmet-0279,helmet,0.7825,reject,train,0.2067
helmet-0280,helmet,0.7842,accept,val,0.0667
helmet-0281,helmet,0.7859,accept,test,0.1483
helmet-0282,helmet,0.7877,accept,train,0.2300
helmet-0283,helmet,0.7894,accept,val,0.0900
helmet-0284,helmet,0.7911,reject,test,0.1717
helmet-0285,helmet,0.7929,accept,train,0.0317
helmet-0286,helmet,0.7946,accept,val,0.1133
helmet-0287,helmet,0.7963,accept,test,0.1950
helmet-0288,helmet,0.7980,accept,train,0.0550
helmet-0289,helmet,0.7998,reject,val,0.1367
helmet-0290,helmet,0.8015,accept,test,0.2183
helmet-0291,helmet,0.8032,accept,train,0.0783
helmet-0292,helmet,0.8050,accept,val,0.1600
helmet-0293,helmet,0.8067,accept,test,0.0200
helmet-0294,helmet,0.8084,accept,train,0.1017
helmet-0295,helmet,0.8102,accept,val,0.1833
helmet-0296,helmet,0.8119,accept,test,0.0433
helmet-0297,helmet,0.8136,accept,train,0.1250
helmet-0298,helmet,0.8153,accept,val,0.2067
helmet-0299,helmet,0.8171,accept,test,0.0667
helmet-0300,helmet,0.8188,accept,train,0.1483
helmet-0301,helmet,0.8205,accept,val,0.2300
helmet-0302,helmet,0.8223,accept,test,0.0900
helmet-0303,helmet,0.8240,accept,train,0.1717
helmet-0304,helmet,0.8257,accept,val,0.0317
helmet-0305,helmet,0.8274,accept,test,0.1133
helmet-0306,helmet,0.8292,accept,train,0.1950
helmet-0307,helmet,0.8309,accept,val,0.0550
helmet-0308,helmet,0.8326,accept,test,0.1367
helmet-0309,helmet,0.8344,accept,train,0.2183
helmet-0310,helmet,0.8361,accept,val,0.0783
helmet-0311,helmet,0.8378,accept,test,0.1600
helmet-0312,helmet,0.8395,accept,train,0.0200
helmet-0313,helmet,0.8413,accept,val,0.1017
helmet-0314,helmet,0.8430,accept,test,0.1833
helmet-0315,helmet,0.8447,accept,train,0.0433
helmet-0316,helmet,0.8465,accept,val,0.1250
helmet-0317,helmet,0.8482,accept,test,0.2067
helmet-0318,helmet,0.8499,accept,train,0.0667
helmet-0319,helmet,0.8517,accept,val,0.1483
helmet-0320,helmet,0.8534,accept,test,0.2300
helmet-0321,helmet,0.8551,accept,train,0.0900
helmet-0322,helmet,0.8568,accept,val,0.1717
helmet-0323,helmet,0.8586,accept,test,0.0317
helmet-0324,helmet,0.8603,accept,train,0.1133
helmet-0325,helmet,0.8620,accept,val,0.1950
helmet-0326,helmet,0.8638,accept,test,0.0550
helmet-0327,helmet,0.8655,accept,train,0.1367
helmet-0328,helmet,0.8672,accept,val,0.2183
helmet-0329,helmet,0.8689,accept,test,0.0783
helmet-0330,helmet,0.8707,accept,train,0.1600
helmet-0331,helmet,0.8724,accept,val,0.0200
helmet-0332,helmet,0.8741,accept,test,0.1017
helmet-0333,helmet,0.8759,accept,train,0.1833
helmet-0334,helmet,0.8776,accept,val,0.0433
helmet-0335,helmet,0.8793,accept,test,0.1250
helmet-0336,helmet,0.8811,accept,train,0.2067
helmet-0337,helmet,0.8828,accept,val,0.0667
helmet-0338,helmet,0.8845,accept,test,0.1483
helmet-0339,helmet,0.8862,accept,train,0.2300
helmet-0340,helmet,0.8880,accept,val,0.0900
helmet-0341,helmet,0.8897,accept,test,0.1717
helmet-0342,helmet,0.8914,accept,train,0.0317
helmet-0343,helmet,0.8932,accept,val,0.1133
helmet-0344,helmet,0.8949,accept,test,0.1950
helmet-0345,helmet,0.8966,accept,train,0.0550
helmet-0346,helmet,0.8983,accept,val,0.1367
helmet-0347,helmet,0.9001,accept,test,0.2183
helmet-0348,helmet,0.9018,accept,train,0.0783
helmet-0349,helmet,0.9035,accept,val,0.1600
helmet-0350,helmet,0.9053,accept,test,0.0200
helmet-0351,helmet,0.9070,accept,train,0.1017
helmet-0352,helmet,0.9087,accept,val,0.1833
helmet-0353,helmet,0.9105,accept,test,0.0433
helmet-0354,helmet,0.9122,accept,train,0.1250
helmet-0355,helmet,0.9139,accept,val,0.2067
helmet-0356,helmet,0.9156,accept,test,0.0667
helmet-0357,helmet,0.9174,accept,train,0.1483
helmet-0358,helmet,0.9191,accept,val,0.2300
helmet-0359,helmet,0.9208,accept,test,0.0900
helmet-0360,helmet,0.9226,accept,train,0.1717
helmet-0361,helmet,0.9243,accept,val,0.0317
helmet-0362,helmet,0.9260,accept,test,0.1133
helmet-0363,helmet,0.9277,accept,train,0.1950
helmet-0364,helmet,0.9295,accept,val,0.0550
helmet-0365,helmet,0.9312,accept,test,0.1367
helmet-0366,helmet,0.9329,accept,train,0.2183
helmet-0367,helmet,0.9347,accept,val,0.0783
helmet-0368,helmet,0.9364,accept,test,0.1600
helmet-0369,helmet,0.9381,accept,train,0.0200
helmet-0370,helmet,0.9398,accept,val,0.1017
helmet-0371,helmet,0.9416,accept,test,0.1833
helmet-0372,helmet,0.9433,accept,train,0.0433
helmet-0373,helmet,0.9450,accept,val,0.1250
helmet-0374,helmet,0.9468,accept,test,0.2067
helmet-0375,helmet,0.9485,accept,train,0.0667
helmet-0376,helmet,0.9502,accept,val,0.1483
helmet-0377,helmet,0.9520,accept,test,0.2300
helmet-0378,helmet,0.9537,accept,train,0.0900
helmet-0379,helmet,0.9554,accept,val,0.1717
helmet-0380,helmet,0.9571,accept,test,0.0317
helmet-0381,helmet,0.9589,accept,train,0.1133
helmet-0382,helmet,0.9606,accept,val,0.1950
helmet-0383,helmet,0.9623,accept,test,0.0550
helmet-0384,helmet,0.9641,accept,train,0.1367
helmet-0385,helmet,0.9658,accept,val,0.2183
helmet-0386,helmet,0.9675,accept,test,0.0783
helmet-0387,helmet,0.9692,accept,train,0.1600
helmet-0388,helmet,0.9710,accept,val,0.0200
helmet-0389,helmet,0.9727,accept,test,0.1017
helmet-0390,helmet,0.9744,accept,train,0.1833
helmet-0391,helmet,0.9762,accept,val,0.0433
helmet-0392,helmet,0.9779,accept,test,0.1250
helmet-0393,helmet,0.9796,accept,train,0.2067
helmet-0394,helmet,0.9814,accept,val,0.0667
helmet-0395,helmet,0.9831,accept,test,0.1483
helmet-0396,helmet,0.9848,accept,train,0.2300
helmet-0397,helmet,0.9865,accept,val,0.0900
helmet-0398,helmet,0.9883,accept,test,0.1717
helmet-0399,helmet,0.9900,accept,train,0.0317
vest-0000,vest,0.3000,reject,train,0.0433
vest-0001,vest,0.3017,reject,val,0.1250
vest-0002,vest,0.3035,reject,test,0.2067
vest-0003,vest,0.3052,reject,train,0.0667
vest-0004,vest,0.3069,accept,val,0.1483
vest-0005,vest,0.3086,reject,test,0.2300
vest-0006,vest,0.3104,reject,train,0.0900
vest-0007,vest,0.3121,reject,val,0.1717
vest-0008,vest,0.3138,reject,test,0.0317
vest-0009,vest,0.3156,reject,train,0.1133
vest-0010,vest,0.3173,reject,val,0.1950
vest-0011,vest,0.3190,reject,test,0.0550
vest-0012,vest,0.3208,accept,train,0.1367
vest-0013,vest,0.3225,reject,val,0.2183
vest-0014,vest,0.3242,reject,test,0.0783
vest-0015,vest,0.3259,reject,train,0.1600
vest-0016,vest,0.3277,reject,val,0.0200
vest-0017,vest,0.3294,reject,test,0.1017
vest-0018,vest,0.3311,reject,train,0.1833
vest-0019,vest,0.3329,reject,val,0.0433
vest-0020,vest,0.3346,accept,test,0.1250
vest-0021,vest,0.3363,reject,train,0.2067
vest-0022,vest,0.3380,reject,val,0.0667
vest-0023,vest,0.3398,reject,test,0.1483
vest-0024,vest,0.3415,reject,train,0.2300
vest-0025,vest,0.3432,reject,val,0.0900
vest-0026,vest,0.3450,reject,test,0.1717
vest-0027,vest,0.3467,reject,train,0.0317
vest-0028,vest,0.3484,accept,val,0.1133
vest-0029,vest,0.3502,reject,test,0.1950
vest-0030,vest,0.3519,reject,train,0.0550
vest-0031,vest,0.3536,reject,val,0.1367
vest-0032,vest,0.3553,reject,test,0.2183
vest-0033,vest,0.3571,reject,train,0.0783
vest-0034,vest,0.3588,reject,val,0.1600
vest-0035,vest,0.3605,reject,test,0.0200
vest-0036,vest,0.3623,accept,train,0.1017
vest-0037,vest,0.3640,reject,val,0.1833
vest-0038,vest,0.3657,reject,test,0.0433
vest-0039,vest,0.3674,reject,train,0.1250
vest-0040,vest,0.3692,reject,val,0.2067
vest-0041,vest,0.3709,reject,test,0.0667
vest-0042,vest,0.3726,reject,train,0.1483
vest-0043,vest,0.3744,reject,val,0.2300
vest-0044,vest,0.3761,accept,test,0.0900
vest-0045,vest,0.3778,reject,train,0.1717
vest-0046,vest,0.3795,reject,val,0.0317
vest-0047,vest,0.3813,reject,test,0.1133
vest-0048,vest,0.3830,reject,train,0.1950
vest-0049,vest,0.3847,reject,val,0.0550
vest-0050,vest,0.3865,reject,test,0.1367
vest-0051,vest,0.3882,reject,train,0.2183
vest-0052,vest,0.3899,accept,val,0.0783
vest-0053,vest,0.3917,reject,test,0.1600
vest-0054,vest,0.3934,reject,train,0.0200
vest-0055,vest,0.3951,reject,val,0.1017
vest-0056,vest,0.3968,reject,test,0.1833
vest-0057,vest,0.3986,reject,train,0.0433
vest-0058,vest,0.4003,reject,val,0.1250
vest-0059,vest,0.4020,reject,test,0.2067
vest-0060,vest,0.4038,accept,train,0.0667
vest-0061,vest,0.4055,reject,val,0.1483
vest-0062,vest,0.4072,reject,test,0.2300
vest-0063,vest,0.4089,reject,train,0.0900
vest-0064,vest,0.4107,reject,val,0.1717
vest-0065,vest,0.4124,reject,test,0.0317
vest-0066,vest,0.4141,reject,train,0.1133
vest-0067,vest,0.4159,reject,val,0.1950
vest-0068,vest,0.4176,accept,test,0.0550
vest-0069,vest,0.4193,reject,train,0.1367
vest-0070,vest,0.4211,reject,val,0.2183
vest-0071,vest,0.4228,reject,test,0.0783
vest-0072,vest,0.4245,reject,train,0.1600
vest-0073,vest,0.4262,reject,val,0.0200
vest-0074,vest,0.4280,reject,test,0.1017
vest-0075,vest,0.4297,reject,train,0.1833
vest-0076,vest,0.4314,accept,val,0.0433
vest-0077,vest,0.4332,reject,test,0.1250
vest-0078,vest,0.4349,reject,train,0.2067
vest-0079,vest,0.4366,reject,val,0.0667
vest-0080,vest,0.4383,reject,test,0.1483
vest-0081,vest,0.4401,reject,train,0.2300
vest-0082,vest,0.4418,reject,val,0.0900
vest-0083,vest,0.4435,reject,test,0.1717
vest-0084,vest,0.4453,accept,train,0.0317
vest-0085,vest,0.4470,reject,val,0.1133
vest-0086,vest,0.4487,reject,test,0.1950
vest-0087,vest,0.4505,reject,train,0.0550
vest-0088,vest,0.4522,reject,val,0.1367
vest-0089,vest,0.4539,reject,test,0.2183
vest-0090,vest,0.4556,reject,train,0.0783
vest-0091,vest,0.4574,reject,val,0.1600
vest-0092,vest,0.4591,accept,test,0.0200
vest-0093,vest,0.4608,reject,train,0.1017
vest-0094,vest,0.4626,reject,val,0.1833
vest-0095,vest,0.4643,reject,test,0.0433
vest-0096,vest,0.4660,reject,train,0.1250
vest-0097,vest,0.4677,reject,val,0.2067
vest-0098,vest,0.4695,reject,test,0.0667
vest-0099,vest,0.4712,reject,train,0.1483
vest-0100,vest,0.4729,accept,val,0.2300
vest-0101,vest,0.4747,reject,test,0.0900
vest-0102,vest,0.4764,reject,train,0.1717
vest-0103,vest,0.4781,reject,val,0.0317
vest-0104,vest,0.4798,reject,test,0.1133
vest-0105,vest,0.4816,reject,train,0.1950
vest-0106,vest,0.4833,reject,val,0.0550
vest-0107,vest,0.4850,reject,test,0.1367
vest-0108,vest,0.4868,accept,train,0.2183
vest-0109,vest,0.4885,reject,val,0.0783
vest-0110,vest,0.4902,reject,test,0.1600
vest-0111,vest,0.4920,reject,train,0.0200
vest-0112,vest,0.4937,reject,val,0.1017
vest-0113,vest,0.4954,reject,test,0.1833
vest-0114,vest,0.4971,reject,train,0.0433
vest-0115,vest,0.4989,reject,val,0.1250
vest-0116,vest,0.5006,accept,test,0.2067
vest-0117,vest,0.5023,reject,train,0.0667
vest-0118,vest,0.5041,reject,val,0.1483
vest-0119,vest,0.5058,reject,test,0.2300
vest-0120,vest,0.5075,reject,train,0.0900
vest-0121,vest,0.5092,reject,val,0.1717
vest-0122,vest,0.5110,reject,test,0.0317
vest-0123,vest,0.5127,reject,train,0.1133
vest-0124,vest,0.5144,accept,val,0.1950
vest-0125,vest,0.5162,reject,test,0.0550
vest-0126,vest,0.5179,reject,train,0.1367
vest-0127,vest,0.5196,reject,val,0.2183
vest-0128,vest,0.5214,reject,test,0.0783
vest-0129,vest,0.5231,reject,train,0.1600
vest-0130,vest,0.5248,reject,val,0.0200
vest-0131,vest,0.5265,reject,test,0.1017
vest-0132,vest,0.5283,accept,train,0.1833
vest-0133,vest,0.5300,reject,val,0.0433
vest-0134,vest,0.5317,reject,test,0.1250
vest-0135,vest,0.5335,reject,train,0.2067
vest-0136,vest,0.5352,reject,val,0.0667
vest-0137,vest,0.5369,reject,test,0.1483
vest-0138,vest,0.5386,reject,train,0.2300
vest-0139,vest,0.5404,reject,val,0.0900
vest-0140,vest,0.5421,accept,test,0.1717
vest-0141,vest,0.5438,reject,train,0.0317
vest-0142,vest,0.5456,reject,val,0.1133
vest-0143,vest,0.5473,reject,test,0.1950
vest-0144,vest,0.5490,reject,train,0.0550
vest-0145,vest,0.5508,accept,val,0.1367
vest-0146,vest,0.5525,reject,test,0.2183
vest-0147,vest,0.5542,accept,train,0.0783
vest-0148,vest,0.5559,accept,val,0.1600
vest-0149,vest,0.5577,accept,test,0.0200
vest-0150,vest,0.5594,reject,train,0.1017
vest-0151,vest,0.5611,accept,val,0.1833
vest-0152,vest,0.5629,accept,test,0.0433
vest-0153,vest,0.5646,accept,train,0.1250
vest-0154,vest,0.5663,reject,val,0.2067
vest-0155,vest,0.5680,accept,test,0.0667
vest-0156,vest,0.5698,accept,train,0.1483
vest-0157,vest,0.5715,accept,val,0.2300
vest-0158,vest,0.5732,reject,test,0.0900
vest-0159,vest,0.5750,accept,train,0.1717
vest-0160,vest,0.5767,accept,val,0.0317
vest-0161,vest,0.5784,accept,test,0.1133
vest-0162,vest,0.5802,reject,train,0.1950
vest-0163,vest,0.5819,accept,val,0.0550
vest-0164,vest,0.5836,accept,test,0.1367
vest-0165,vest,0.5853,accept,train,0.2183
vest-0166,vest,0.5871,reject,val,0.0783
vest-0167,vest,0.5888,accept,test,0.1600
vest-0168,vest,0.5905,accept,train,0.0200
vest-0169,vest,0.5923,accept,val,0.1017
vest-0170,vest,0.5940,reject,test,0.1833
vest-0171,vest,0.5957,accept,train,0.0433
vest-0172,vest,0.5974,accept,val,0.1250
vest-0173,vest,0.5992,accept,test,0.2067
vest-0174,vest,0.6009,reject,train,0.0667
vest-0175,vest,0.6026,accept,val,0.1483
vest-0176,vest,0.6044,accept,test,0.2300
vest-0177,vest,0.6061,accept,train,0.0900
vest-0178,vest,0.6078,reject,val,0.1717
vest-0179,vest,0.6095,accept,test,0.0317
vest-0180,vest,0.6113,accept,train,0.1133
vest-0181,vest,0.6130,accept,val,0.1950
vest-0182,vest,0.6147,reject,test,0.0550
vest-0183,vest,0.6165,accept,train,0.1367
vest-0184,vest,0.6182,accept,val,0.2183
vest-0185,vest,0.6199,accept,test,0.0783
vest-0186,vest,0.6217,reject,train,0.1600
vest-0187,vest,0.6234,accept,val,0.0200
vest-0188,vest,0.6251,accept,test,0.1017
vest-0189,vest,0.6268,accept,train,0.1833
vest-0190,vest,0.6286,reject,val,0.0433
vest-0191,vest,0.6303,accept,test,0.1250
vest-0192,vest,0.6320,accept,train,0.2067
vest-0193,vest,0.6338,accept,val,0.0667
vest-0194,vest,0.6355,reject,test,0.1483
vest-0195,vest,0.6372,accept,train,0.2300
vest-0196,vest,0.6389,accept,val,0.0900
vest-0197,vest,0.6407,accept,test,0.1717
vest-0198,vest,0.6424,reject,train,0.0317
vest-0199,vest,0.6441,accept,val,0.1133
vest-0200,vest,0.6459,accept,test,0.1950
vest-0201,vest,0.6476,accept,train,0.0550
vest-0202,vest,0.6493,reject,val,0.1367
vest-0203,vest,0.6511,accept,test,0.2183
vest-0204,vest,0.6528,accept,train,0.0783
vest-0205,vest,0.6545,accept,val,0.1600
vest-0206,vest,0.6562,reject,test,0.0200
vest-0207,vest,0.6580,accept,train,0.1017
vest-0208,vest,0.6597,accept,val,0.1833
vest-0209,vest,0.6614,accept,test,0.0433
vest-0210,vest,0.6632,reject,train,0.1250
vest-0211,vest,0.6649,accept,val,0.2067
vest-0212,vest,0.6666,accept,test,0.0667
vest-0213,vest,0.6683,accept,train,0.1483
vest-0214,vest,0.6701,reject,val,0.2300
vest-0215,vest,0.6718,accept,test,0.0900
vest-0216,vest,0.6735,accept,train,0.1717
vest-0217,vest,0.6753,accept,val,0.0317
vest-0218,vest,0.6770,reject,test,0.1133
vest-0219,vest,0.6787,accept,train,0.1950
vest-0220,vest,0.6805,accept,val,0.0550
vest-0221,vest,0.6822,accept,test,0.1367
vest-0222,vest,0.6839,reject,train,0.2183
vest-0223,vest,0.6856,accept,val,0.0783
vest-0224,vest,0.6874,accept,test,0.1600
vest-0225,vest,0.6891,accept,train,0.0200
vest-0226,vest,0.6908,reject,val,0.1017
vest-0227,vest,0.6926,accept,test,0.1833
vest-0228,vest,0.6943,accept,train,0.0433
vest-0229,vest,0.6960,accept,val,0.1250
vest-0230,vest,0.6977,reject,test,0.2067
vest-0231,vest,0.6995,accept,train,0.0667
vest-0232,vest,0.7012,accept,val,0.1483
vest-0233,vest,0.7029,accept,test,0.2300
vest-0234,vest,0.7047,reject,train,0.0900
vest-0235,vest,0.7064,accept,val,0.1717
vest-0236,vest,0.7081,accept,test,0.0317
vest-0237,vest,0.7098,accept,train,0.1133
vest-0238,vest,0.7116,reject,val,0.1950
vest-0239,vest,0.7133,accept,test,0.0550
vest-0240,vest,0.7150,accept,train,0.1367
vest-0241,vest,0.7168,accept,val,0.2183
vest-0242,vest,0.7185,reject,test,0.0783
vest-0243,vest,0.7202,accept,train,0.1600
vest-0244,vest,0.7220,accept,val,0.0200
vest-0245,vest,0.7237,accept,test,0.1017
vest-0246,vest,0.7254,reject,train,0.1833
vest-0247,vest,0.7271,accept,val,0.0433
vest-0248,vest,0.7289,accept,test,0.1250
vest-0249,vest,0.7306,accept,train,0.2067
vest-0250,vest,0.7323,reject,val,0.0667
vest-0251,vest,0.7341,accept,test,0.1483
vest-0252,vest,0.7358,accept,train,0.2300
vest-0253,vest,0.7375,accept,val,0.0900
vest-0254,vest,0.7392,reject,test,0.1717
vest-0255,vest,0.7410,accept,train,0.0317
vest-0256,vest,0.7427,accept,val,0.1133
vest-0257,vest,0.7444,accept,test,0.1950
vest-0258,vest,0.7462,reject,train,0.0550
vest-0259,vest,0.7479,accept,val,0.1367
vest-0260,vest,0.7496,accept,test,0.2183
vest-0261,vest,0.7514,accept,train,0.0783
vest-0262,vest,0.7531,reject,val,0.1600
vest-0263,vest,0.7548,accept,test,0.0200
vest-0264,vest,0.7565,accept,train,0.1017
vest-0265,vest,0.7583,accept,val,0.1833
vest-0266,vest,0.7600,reject,test,0.0433
vest-0267,vest,0.7617,accept,train,0.1250
vest-0268,vest,0.7635,accept,val,0.2067
vest-0269,vest,0.7652,accept,test,0.0667
vest-0270,vest,0.7669,reject,train,0.1483
vest-0271,vest,0.7686,accept,val,0.2300
vest-0272,vest,0.7704,accept,test,0.0900
vest-0273,vest,0.7721,accept,train,0.1717
vest-0274,vest,0.7738,reject,val,0.0317
vest-0275,vest,0.7756,accept,test,0.1133
vest-0276,vest,0.7773,accept,train,0.1950
vest-0277,vest,0.7790,accept,val,0.0550
vest-0278,vest,0.7808,reject,test,0.1367
vest-0279,vest,0.7825,accept,train,0.2183
vest-0280,vest,0.7842,accept,val,0.0783
vest-0281,vest,0.7859,accept,test,0.1600
vest-0282,vest,0.7877,reject,train,0.0200
vest-0283,vest,0.7894,accept,val,0.1017
vest-0284,vest,0.7911,accept,test,0.1833
vest-0285,vest,0.7929,accept,train,0.0433
vest-0286,vest,0.7946,reject,val,0.1250
vest-0287,vest,0.7963,accept,test,0.2067
vest-0288,vest,0.7980,accept,train,0.0667
vest-0289,vest,0.7998,accept,val,0.1483
vest-0290,vest,0.8015,reject,test,0.2300
vest-0291,vest,0.8032,accept,train,0.0900
vest-0292,vest,0.8050,accept,val,0.1717
vest-0293,vest,0.8067,accept,test,0.0317
vest-0294,vest,0.8084,reject,train,0.1133
vest-0295,vest,0.8102,accept,val,0.1950
vest-0296,vest,0.8119,accept,test,0.0550
vest-0297,vest,0.8136,accept,train,0.1367
vest-0298,vest,0.8153,reject,val,0.2183
vest-0299,vest,0.8171,accept,test,0.0783
vest-0300,vest,0.8188,accept,train,0.1600
vest-0301,vest,0.8205,accept,val,0.0200
vest-0302,vest,0.8223,accept,test,0.1017
vest-0303,vest,0.8240,accept,train,0.1833
vest-0304,vest,0.8257,accept,val,0.0433
vest-0305,vest,0.8274,accept,test,0.1250
vest-0306,vest,0.8292,accept,train,0.2067
vest-0307,vest,0.8309,accept,val,0.0667
vest-0308,vest,0.8326,accept,test,0.1483
vest-0309,vest,0.8344,accept,train,0.2300
vest-0310,vest,0.8361,accept,val,0.0900
vest-0311,vest,0.8378,accept,test,0.1717
vest-0312,vest,0.8395,accept,train,0.0317
vest-0313,vest,0.8413,accept,val,0.1133
vest-0314,vest,0.8430,accept,test,0.1950
vest-0315,vest,0.8447,accept,train,0.0550
vest-0316,vest,0.8465,accept,val,0.1367
vest-0317,vest,0.8482,accept,test,0.2183
vest-0318,vest,0.8499,accept,train,0.0783
vest-0319,vest,0.8517,accept,val,0.1600
vest-0320,vest,0.8534,accept,test,0.0200
vest-0321,vest,0.8551,accept,train,0.1017
vest-0322,vest,0.8568,accept,val,0.1833
vest-0323,vest,0.8586,accept,test,0.0433
vest-0324,vest,0.8603,accept,train,0.1250
vest-0325,vest,0.8620,accept,val,0.2067
vest-0326,vest,0.8638,accept,test,0.0667
vest-0327,vest,0.8655,accept,train,0.1483
vest-0328,vest,0.8672,accept,val,0.2300
vest-0329,vest,0.8689,accept,test,0.0900
vest-0330,vest,0.8707,accept,train,0.1717
vest-0331,vest,0.8724,accept,val,0.0317
vest-0332,vest,0.8741,accept,test,0.1133
vest-0333,vest,0.8759,accept,train,0.1950
vest-0334,vest,0.8776,accept,val,0.0550
vest-0335,vest,0.8793,accept,test,0.1367
vest-0336,vest,0.8811,accept,train,0.2183
vest-0337,vest,0.8828,accept,val,0.0783
vest-0338,vest,0.8845,accept,test,0.1600
vest-0339,vest,0.8862,accept,train,0.0200
vest-0340,vest,0.8880,accept,val,0.1017
vest-0341,vest,0.8897,accept,test,0.1833
vest-0342,vest,0.8914,accept,train,0.0433
vest-0343,vest,0.8932,accept,val,0.1250
vest-0344,vest,0.8949,accept,test,0.2067
vest-0345,vest,0.8966,accept,train,0.0667
vest-0346,vest,0.8983,accept,val,0.1483
vest-0347,vest,0.9001,accept,test,0.2300
vest-0348,vest,0.9018,accept,train,0.0900
vest-0349,vest,0.9035,accept,val,0.1717
vest-0350,vest,0.9053,accept,test,0.0317
vest-0351,vest,0.9070,accept,train,0.1133
vest-0352,vest,0.9087,accept,val,0.1950
vest-0353,vest,0.9105,accept,test,0.0550
vest-0354,vest,0.9122,accept,train,0.1367
vest-0355,vest,0.9139,accept,val,0.2183
vest-0356,vest,0.9156,accept,test,0.0783
vest-0357,vest,0.9174,accept,train,0.1600
vest-0358,vest,0.9191,accept,val,0.0200
vest-0359,vest,0.9208,accept,test,0.1017
vest-0360,vest,0.9226,accept,train,0.1833
vest-0361,vest,0.9243,accept,val,0.0433
vest-0362,vest,0.9260,accept,test,0.1250
vest-0363,vest,0.9277,accept,train,0.2067
vest-0364,vest,0.9295,accept,val,0.0667
vest-0365,vest,0.9312,accept,test,0.1483
vest-0366,vest,0.9329,accept,train,0.2300
vest-0367,vest,0.9347,accept,val,0.0900
vest-0368,vest,0.9364,accept,test,0.1717
vest-0369,vest,0.9381,accept,train,0.0317
vest-0370,vest,0.9398,accept,val,0.1133
vest-0371,vest,0.9416,accept,test,0.1950
vest-0372,vest,0.9433,accept,train,0.0550
vest-0373,vest,0.9450,accept,val,0.1367
vest-0374,vest,0.9468,accept,test,0.2183
vest-0375,vest,0.9485,accept,train,0.0783
vest-0376,vest,0.9502,accept,val,0.1600
vest-0377,vest,0.9520,accept,test,0.0200
vest-0378,vest,0.9537,accept,train,0.1017
vest-0379,vest,0.9554,accept,val,0.1833
vest-0380,vest,0.9571,accept,test,0.0433
vest-0381,vest,0.9589,accept,train,0.1250
vest-0382,vest,0.9606,accept,val,0.2067
vest-0383,vest,0.9623,accept,test,0.0667
vest-0384,vest,0.9641,accept,train,0.1483
vest-0385,vest,0.9658,accept,val,0.2300
vest-0386,vest,0.9675,accept,test,0.0900
vest-0387,vest,0.9692,accept,train,0.1717
vest-0388,vest,0.9710,accept,val,0.0317
vest-0389,vest,0.9727,accept,test,0.1133
vest-0390,vest,0.9744,accept,train,0.1950
vest-0391,vest,0.9762,accept,val,0.0550
vest-0392,vest,0.9779,accept,test,0.1367
vest-0393,vest,0.9796,accept,train,0.2183
vest-0394,vest,0.9814,accept,val,0.0783
vest-0395,vest,0.9831,accept,test,0.1600
vest-0396,vest,0.9848,accept,train,0.0200
vest-0397,vest,0.9865,accept,val,0.1017
vest-0398,vest,0.9883,accept,test,0.1833
vest-0399,vest,0.9900,accept,train,0.0433
tractor-0000,tractor,0.3000,reject,train,0.0550
tractor-0001,tractor,0.3017,reject,val,0.1367
tractor-0002,tractor,0.3035,accept,test,0.2183
tractor-0003,tractor,0.3052,reject,train,0.0783
tractor-0004,tractor,0.3069,reject,val,0.1600
tractor-0005,tractor,0.3086,reject,test,0.0200
tractor-0006,tractor,0.3104,reject,train,0.1017
tractor-0007,tractor,0.3121,reject,val,0.1833
tractor-0008,tractor,0.3138,reject,test,0.0433
tractor-0009,tractor,0.3156,reject,train,0.1250
tractor-0010,tractor,0.3173,accept,val,0.2067
tractor-0011,tractor,0.3190,reject,test,0.0667
tractor-0012,tractor,0.3208,reject,train,0.1483
tractor-0013,tractor,0.3225,reject,val,0.2300
tractor-0014,tractor,0.3242,reject,test,0.0900
tractor-0015,tractor,0.3259,reject,train,0.1717
tractor-0016,tractor,0.3277,reject,val,0.0317
tractor-0017,tractor,0.3294,reject,test,0.1133
tractor-0018,tractor,0.3311,accept,train,0.1950
tractor-0019,tractor,0.3329,reject,val,0.0550
tractor-0020,tractor,0.3346,reject,test,0.1367
tractor-0021,tractor,0.3363,reject,train,0.2183
tractor-0022,tractor,0.3380,reject,val,0.0783
tractor-0023,tractor,0.3398,reject,test,0.1600
tractor-0024,tractor,0.3415,reject,train,0.0200
tractor-0025,tractor,0.3432,reject,val,0.1017
tractor-0026,tractor,0.3450,accept,test,0.1833
tractor-0027,tractor,0.3467,reject,train,0.0433
tractor-0028,tractor,0.3484,reject,val,0.1250
tractor-0029,tractor,0.3502,reject,test,0.2067
tractor-0030,tractor,0.3519,reject,train,0.0667
tractor-0031,tractor,0.3536,reject,val,0.1483
tractor-0032,tractor,0.3553,reject,test,0.2300
tractor-0033,tractor,0.3571,reject,train,0.0900
tractor-0034,tractor,0.3588,accept,val,0.1717
tractor-0035,tractor,0.3605,reject,test,0.0317
tractor-0036,tractor,0.3623,reject,train,0.1133
tractor-0037,tractor,0.3640,reject,val,0.1950
tractor-0038,tractor,0.3657,reject,test,0.0550
tractor-0039,tractor,0.3674,reject,train,0.1367
tractor-0040,tractor,0.3692,reject,val,0.2183
tractor-0041,tractor,0.3709,reject,test,0.0783
tractor-0042,tractor,0.3726,accept,train,0.1600
tractor-0043,tractor,0.3744,reject,val,0.0200
tractor-0044,tractor,0.3761,reject,test,0.1017
tractor-0045,tractor,0.3778,reject,train,0.1833
tractor-0046,tractor,0.3795,reject,val,0.0433
tractor-0047,tractor,0.3813,reject,test,0.1250
tractor-0048,tractor,0.3830,reject,train,0.2067
tractor-0049,tractor,0.3847,reject,val,0.0667
tractor-0050,tractor,0.3865,accept,test,0.1483
tractor-0051,tractor,0.3882,reject,train,0.2300
tractor-0052,tractor,0.3899,reject,val,0.0900
tractor-0053,tractor,0.3917,reject,test,0.1717
tractor-0054,tractor,0.3934,reject,train,0.0317
tractor-0055,tractor,0.3951,reject,val,0.1133
tractor-0056,tractor,0.3968,reject,test,0.1950
tractor-0057,tractor,0.3986,reject,train,0.0550
tractor-0058,tractor,0.4003,accept,val,0.1367
tractor-0059,tractor,0.4020,reject,test,0.2183
tractor-0060,tractor,0.4038,reject,train,0.0783
tractor-0061,tractor,0.4055,reject,val,0.1600
tractor-0062,tractor,0.4072,reject,test,0.0200
tractor-0063,tractor,0.4089,reject,train,0.1017
tractor-0064,tractor,0.4107,reject,val,0.1833
tractor-0065,tractor,0.4124,reject,test,0.0433
tractor-0066,tractor,0.4141,accept,train,0.1250
tractor-0067,tractor,0.4159,reject,val,0.2067
tractor-0068,tractor,0.4176,reject,test,0.0667
tractor-0069,tractor,0.4193,reject,train,0.1483
tractor-0070,tractor,0.4211,reject,val,0.2300
tractor-0071,tractor,0.4228,reject,test,0.0900
tractor-0072,tractor,0.4245,reject,train,0.1717
tractor-0073,tractor,0.4262,reject,val,0.0317
tractor-0074,tractor,0.4280,accept,test,0.1133
tractor-0075,tractor,0.4297,reject,train,0.1950
tractor-0076,tractor,0.4314,reject,val,0.0550
tractor-0077,tractor,0.4332,reject,test,0.1367
tractor-0078,tractor,0.4349,reject,train,0.2183
tractor-0079,tractor,0.4366,reject,val,0.0783
tractor-0080,tractor,0.4383,reject,test,0.1600
tractor-0081,tractor,0.4401,reject,train,0.0200
tractor-0082,tractor,0.4418,accept,val,0.1017
tractor-0083,tractor,0.4435,reject,test,0.1833
tractor-0084,tractor,0.4453,reject,train,0.0433
tractor-0085,tractor,0.4470,reject,val,0.1250
tractor-0086,tractor,0.4487,reject,test,0.2067
tractor-0087,tractor,0.4505,reject,train,0.0667
tractor-0088,tractor,0.4522,reject,val,0.1483
tractor-0089,tractor,0.4539,reject,test,0.2300
tractor-0090,tractor,0.4556,accept,train,0.0900
tractor-0091,tractor,0.4574,reject,val,0.1717
tractor-0092,tractor,0.4591,reject,test,0.0317
tractor-0093,tractor,0.4608,reject,train,0.1133
tractor-0094,tractor,0.4626,reject,val,0.1950
tractor-0095,tractor,0.4643,reject,test,0.0550
tractor-0096,tractor,0.4660,reject,train,0.1367
tractor-0097,tractor,0.4677,reject,val,0.2183
tractor-0098,tractor,0.4695,accept,test,0.0783
tractor-0099,tractor,0.4712,reject,train,0.1600
tractor-0100,tractor,0.4729,reject,val,0.0200
tractor-0101,tractor,0.4747,reject,test,0.1017
tractor-0102,tractor,0.4764,reject,train,0.1833
tractor-0103,tractor,0.4781,reject,val,0.0433
tractor-0104,tractor,0.4798,reject,test,0.1250
tractor-0105,tractor,0.4816,reject,train,0.2067
tractor-0106,tractor,0.4833,accept,val,0.0667
tractor-0107,tractor,0.4850,accept,test,0.1483
tractor-0108,tractor,0.4868,accept,train,0.2300
tractor-0109,tractor,0.4885,accept,val,0.0900
tractor-0110,tractor,0.4902,accept,test,0.1717
tractor-0111,tractor,0.4920,reject,train,0.0317
tractor-0112,tractor,0.4937,accept,val,0.1133
tractor-0113,tractor,0.4954,accept,test,0.1950
tractor-0114,tractor,0.4971,accept,train,0.0550
tractor-0115,tractor,0.4989,accept,val,0.1367
tractor-0116,tractor,0.5006,accept,test,0.2183
tractor-0117,tractor,0.5023,reject,train,0.0783
tractor-0118,tractor,0.5041,accept,val,0.1600
tractor-0119,tractor,0.5058,accept,test,0.0200
tractor-0120,tractor,0.5075,accept,train,0.1017
tractor-0121,tractor,0.5092,accept,val,0.1833
tractor-0122,tractor,0.5110,accept,test,0.0433
tractor-0123,tractor,0.5127,reject,train,0.1250
tractor-0124,tractor,0.5144,accept,val,0.2067
tractor-0125,tractor,0.5162,accept,test,0.0667
tractor-0126,tractor,0.5179,accept,train,0.1483
tractor-0127,tractor,0.5196,accept,val,0.2300
tractor-0128,tractor,0.5214,accept,test,0.0900
tractor-0129,tractor,0.5231,reject,train,0.1717
tractor-0130,tractor,0.5248,accept,val,0.0317
tractor-0131,tractor,0.5265,accept,test,0.1133
tractor-0132,tractor,0.5283,accept,train,0.1950
tractor-0133,tractor,0.5300,accept,val,0.0550
tractor-0134,tractor,0.5317,accept,test,0.1367
tractor-0135,tractor,0.5335,reject,train,0.2183
tractor-0136,tractor,0.5352,accept,val,0.0783
tractor-0137,tractor,0.5369,accept,test,0.1600
tractor-0138,tractor,0.5386,accept,train,0.0200
tractor-0139,tractor,0.5404,accept,val,0.1017
tractor-0140,tractor,0.5421,accept,test,0.1833
tractor-0141,tractor,0.5438,reject,train,0.0433
tractor-0142,tractor,0.5456,accept,val,0.1250
tractor-0143,tractor,0.5473,accept,test,0.2067
tractor-0144,tractor,0.5490,accept,train,0.0667
tractor-0145,tractor,0.5508,accept,val,0.1483
tractor-0146,tractor,0.5525,accept,test,0.2300
tractor-0147,tractor,0.5542,reject,train,0.0900
tractor-0148,tractor,0.5559,accept,val,0.1717
tractor-0149,tractor,0.5577,accept,test,0.0317
tractor-0150,tractor,0.5594,accept,train,0.1133
tractor-0151,tractor,0.5611,accept,val,0.1950
tractor-0152,tractor,0.5629,accept,test,0.0550
tractor-0153,tractor,0.5646,reject,train,0.1367
tractor-0154,tractor,0.5663,accept,val,0.2183
tractor-0155,tractor,0.5680,accept,test,0.0783
tractor-0156,tractor,0.5698,accept,train,0.1600
tractor-0157,tractor,0.5715,accept,val,0.0200
tractor-0158,tractor,0.5732,accept,test,0.1017
tractor-0159,tractor,0.5750,reject,train,0.1833
tractor-0160,tractor,0.5767,accept,val,0.0433
tractor-0161,tractor,0.5784,accept,test,0.1250
tractor-0162,tractor,0.5802,accept,train,0.2067
tractor-0163,tractor,0.5819,accept,val,0.0667
tractor-0164,tractor,0.5836,accept,test,0.1483
tractor-0165,tractor,0.5853,reject,train,0.2300
tractor-0166,tractor,0.5871,accept,val,0.0900
tractor-0167,tractor,0.5888,accept,test,0.1717
tractor-0168,tractor,0.5905,accept,train,0.0317
tractor-0169,tractor,0.5923,accept,val,0.1133
tractor-0170,tractor,0.5940,accept,test,0.1950
tractor-0171,tractor,0.5957,reject,train,0.0550
tractor-0172,tractor,0.5974,accept,val,0.1367
tractor-0173,tractor,0.5992,accept,test,0.2183
tractor-0174,tractor,0.6009,accept,train,0.0783
tractor-0175,tractor,0.6026,accept,val,0.1600
tractor-0176,tractor,0.6044,accept,test,0.0200
tractor-0177,tractor,0.6061,reject,train,0.1017
tractor-0178,tractor,0.6078,accept,val,0.1833
tractor-0179,tractor,0.6095,accept,test,0.0433
tractor-0180,tractor,0.6113,accept,train,0.1250
tractor-0181,tractor,0.6130,accept,val,0.2067
tractor-0182,tractor,0.6147,accept,test,0.0667
tractor-0183,tractor,0.6165,reject,train,0.1483
tractor-0184,tractor,0.6182,accept,val,0.2300
tractor-0185,tractor,0.6199,accept,test,0.0900
tractor-0186,tractor,0.6217,accept,train,0.1717
tractor-0187,tractor,0.6234,accept,val,0.0317
tractor-0188,tractor,0.6251,accept,test,0.1133
tractor-0189,tractor,0.6268,reject,train,0.1950
tractor-0190,tractor,0.6286,accept,val,0.0550
tractor-0191,tractor,0.6303,accept,test,0.1367
tractor-0192,tractor,0.6320,accept,train,0.2183
tractor-0193,tractor,0.6338,accept,val,0.0783
tractor-0194,tractor,0.6355,accept,test,0.1600
tractor-0195,tractor,0.6372,reject,train,0.0200
tractor-0196,tractor,0.6389,accept,val,0.1017
tractor-0197,tractor,0.6407,accept,test,0.1833
tractor-0198,tractor,0.6424,accept,train,0.0433
tractor-0199,tractor,0.6441,accept,val,0.1250
tractor-0200,tractor,0.6459,accept,test,0.2067
tractor-0201,tractor,0.6476,reject,train,0.0667
tractor-0202,tractor,0.6493,accept,val,0.1483
tractor-0203,tractor,0.6511,accept,test,0.2300
tractor-0204,tractor,0.6528,accept,train,0.0900
tractor-0205,tractor,0.6545,accept,val,0.1717
tractor-0206,tractor,0.6562,accept,test,0.0317
tractor-0207,tractor,0.6580,reject,train,0.1133
tractor-0208,tractor,0.6597,accept,val,0.1950
tractor-0209,tractor,0.6614,accept,test,0.0550
tractor-0210,tractor,0.6632,accept,train,0.1367
tractor-0211,tractor,0.6649,accept,val,0.2183
tractor-0212,tractor,0.6666,accept,test,0.0783
tractor-0213,tractor,0.6683,reject,train,0.1600
tractor-0214,tractor,0.6701,accept,val,0.0200
tractor-0215,tractor,0.6718,accept,test,0.1017
tractor-0216,tractor,0.6735,accept,train,0.1833
tractor-0217,tractor,0.6753,accept,val,0.0433
tractor-0218,tractor,0.6770,accept,test,0.1250
tractor-0219,tractor,0.6787,reject,train,0.2067
tractor-0220,tractor,0.6805,accept,val,0.0667
tractor-0221,tractor,0.6822,accept,test,0.1483
tractor-0222,tractor,0.6839,accept,train,0.2300
tractor-0223,tractor,0.6856,accept,val,0.0900
tractor-0224,tractor,0.6874,accept,test,0.1717
tractor-0225,tractor,0.6891,reject,train,0.0317
tractor-0226,tractor,0.6908,accept,val,0.1133
tractor-0227,tractor,0.6926,accept,test,0.1950
tractor-0228,tractor,0.6943,accept,train,0.0550
tractor-0229,tractor,0.6960,accept,val,0.1367
tractor-0230,tractor,0.6977,accept,test,0.2183
tractor-0231,tractor,0.6995,reject,train,0.0783
tractor-0232,tractor,0.7012,accept,val,0.1600
tractor-0233,tractor,0.7029,accept,test,0.0200
tractor-0234,tractor,0.7047,accept,train,0.1017
tractor-0235,tractor,0.7064,accept,val,0.1833
tractor-0236,tractor,0.7081,accept,test,0.0433
tractor-0237,tractor,0.7098,reject,train,0.1250
tractor-0238,tractor,0.7116,accept,val,0.2067
tractor-0239,tractor,0.7133,accept,test,0.0667
tractor-0240,tractor,0.7150,accept,train,0.1483
tractor-0241,tractor,0.7168,accept,val,0.2300
tractor-0242,tractor,0.7185,accept,test,0.0900
tractor-0243,tractor,0.7202,reject,train,0.1717
tractor-0244,tractor,0.7220,accept,val,0.0317
tractor-0245,tractor,0.7237,accept,test,0.1133
tractor-0246,tractor,0.7254,accept,train,0.1950
tractor-0247,tractor,0.7271,accept,val,0.0550
tractor-0248,tractor,0.7289,accept,test,0.1367
tractor-0249,tractor,0.7306,reject,train,0.2183
tractor-0250,tractor,0.7323,accept,val,0.0783
tractor-0251,tractor,0.7341,accept,test,0.1600
tractor-0252,tractor,0.7358,accept,train,0.0200
tractor-0253,tractor,0.7375,accept,val,0.1017
tractor-0254,tractor,0.7392,accept,test,0.1833
tractor-0255,tractor,0.7410,reject,train,0.0433
tractor-0256,tractor,0.7427,accept,val,0.1250
tractor-0257,tractor,0.7444,accept,test,0.2067
tractor-0258,tractor,0.7462,accept,train,0.0667
tractor-0259,tractor,0.7479,accept,val,0.1483
tractor-0260,tractor,0.7496,accept,test,0.2300
tractor-0261,tractor,0.7514,reject,train,0.0900
tractor-0262,tractor,0.7531,accept,val,0.1717
tractor-0263,tractor,0.7548,accept,test,0.0317
tractor-0264,tractor,0.7565,accept,train,0.1133
tractor-0265,tractor,0.7583,accept,val,0.1950
tractor-0266,tractor,0.7600,accept,test,0.0550
tractor-0267,tractor,0.7617,accept,train,0.1367
tractor-0268,tractor,0.7635,accept,val,0.2183
tractor-0269,tractor,0.7652,accept,test,0.0783
tractor-0270,tractor,0.7669,accept,train,0.1600
tractor-0271,tractor,0.7686,accept,val,0.0200
tractor-0272,tractor,0.7704,accept,test,0.1017
tractor-0273,tractor,0.7721,accept,train,0.1833
tractor-0274,tractor,0.7738,accept,val,0.0433
tractor-0275,tractor,0.7756,accept,test,0.1250
tractor-0276,tractor,0.7773,accept,train,0.2067
tractor-0277,tractor,0.7790,accept,val,0.0667
tractor-0278,tractor,0.7808,accept,test,0.1483
tractor-0279,tractor,0.7825,accept,train,0.2300
tractor-0280,tractor,0.7842,accept,val,0.0900
tractor-0281,tractor,0.7859,accept,test,0.1717
tractor-0282,tractor,0.7877,accept,train,0.0317
tractor-0283,tractor,0.7894,accept,val,0.1133
tractor-0284,tractor,0.7911,accept,test,0.1950
tractor-0285,tractor,0.7929,accept,train,0.0550
tractor-0286,tractor,0.7946,accept,val,0.1367
tractor-0287,tractor,0.7963,accept,test,0.2183
tractor-0288,tractor,0.7980,accept,train,0.0783
tractor-0289,tractor,0.7998,accept,val,0.1600
tractor-0290,tractor,0.8015,accept,test,0.0200
tractor-0291,tractor,0.8032,accept,train,0.1017
tractor-0292,tractor,0.8050,accept,val,0.1833
tractor-0293,tractor,0.8067,accept,test,0.0433
tractor-0294,tractor,0.8084,accept,train,0.1250
tractor-0295,tractor,0.8102,accept,val,0.2067
tractor-0296,tractor,0.8119,accept,test,0.0667
tractor-0297,tractor,0.8136,accept,train,0.1483
tractor-0298,tractor,0.8153,accept,val,0.2300
tractor-0299,tractor,0.8171,accept,test,0.0900
tractor-0300,tractor,0.8188,accept,train,0.1717
tractor-0301,tractor,0.8205,accept,val,0.0317
tractor-0302,tractor,0.8223,accept,test,0.1133
tractor-0303,tractor,0.8240,accept,train,0.1950
tractor-0304,tractor,0.8257,accept,val,0.0550
tractor-0305,tractor,0.8274,accept,test,0.1367
tractor-0306,tractor,0.8292,accept,train,0.2183
tractor-0307,tractor,0.8309,accept,val,0.0783
tractor-0308,tractor,0.8326,accept,test,0.1600
tractor-0309,tractor,0.8344,accept,train,0.0200
tractor-0310,tractor,0.8361,accept,val,0.1017
tractor-0311,tractor,0.8378,accept,test,0.1833
tractor-0312,tractor,0.8395,accept,train,0.0433
tractor-0313,tractor,0.8413,accept,val,0.1250
tractor-0314,tractor,0.8430,accept,test,0.2067
tractor-0315,tractor,0.8447,accept,train,0.0667
tractor-0316,tractor,0.8465,accept,val,0.1483
tractor-0317,tractor,0.8482,accept,test,0.2300
tractor-0318,tractor,0.8499,accept,train,0.0900
tractor-0319,tractor,0.8517,accept,val,0.1717
tractor-0320,tractor,0.8534,accept,test,0.0317
tractor-0321,tractor,0.8551,accept,train,0.1133
tractor-0322,tractor,0.8568,accept,val,0.1950
tractor-0323,tractor,0.8586,accept,test,0.0550
tractor-0324,tractor,0.8603,accept,train,0.1367
tractor-0325,tractor,0.8620,accept,val,0.2183
tractor-0326,tractor,0.8638,accept,test,0.0783
tractor-0327,tractor,0.8655,accept,train,0.1600
tractor-0328,tractor,0.8672,accept,val,0.0200
tractor-0329,tractor,0.8689,accept,test,0.1017
tractor-0330,tractor,0.8707,accept,train,0.1833
tractor-0331,tractor,0.8724,accept,val,0.0433
tractor-0332,tractor,0.8741,accept,test,0.1250
tractor-0333,tractor,0.8759,accept,train,0.2067
tractor-0334,tractor,0.8776,accept,val,0.0667
tractor-0335,tractor,0.8793,accept,test,0.1483
tractor-0336,tractor,0.8811,accept,train,0.2300
tractor-0337,tractor,0.8828,accept,val,0.0900
tractor-0338,tractor,0.8845,accept,test,0.1717
tractor-0339,tractor,0.8862,accept,train,0.0317
tractor-0340,tractor,0.8880,accept,val,0.1133
tractor-0341,tractor,0.8897,accept,test,0.1950
tractor-0342,tractor,0.8914,accept,train,0.0550
tractor-0343,tractor,0.8932,accept,val,0.1367
tractor-0344,tractor,0.8949,accept,test,0.2183
tractor-0345,tractor,0.8966,accept,train,0.0783
tractor-0346,tractor,0.8983,accept,val,0.1600
tractor-0347,tractor,0.9001,accept,test,0.0200
tractor-0348,tractor,0.9018,accept,train,0.1017
tractor-0349,tractor,0.9035,accept,val,0.1833
tractor-0350,tractor,0.9053,accept,test,0.0433
tractor-0351,tractor,0.9070,accept,train,0.1250
tractor-0352,tractor,0.9087,accept,val,0.2067
tractor-0353,tractor,0.9105,accept,test,0.0667
tractor-0354,tractor,0.9122,accept,train,0.1483
tractor-0355,tractor,0.9139,accept,val,0.2300
tractor-0356,tractor,0.9156,accept,test,0.0900
tractor-0357,tractor,0.9174,accept,train,0.1717
tractor-0358,tractor,0.9191,accept,val,0.0317
tractor-0359,tractor,0.9208,accept,test,0.1133
tractor-0360,tractor,0.9226,accept,train,0.1950
tractor-0361,tractor,0.9243,accept,val,0.0550
tractor-0362,tractor,0.9260,accept,test,0.1367
tractor-0363,tractor,0.9277,accept,train,0.2183
tractor-0364,tractor,0.9295,accept,val,0.0783
tractor-0365,tractor,0.9312,accept,test,0.1600
tractor-0366,tractor,0.9329,accept,train,0.0200
tractor-0367,tractor,0.9347,accept,val,0.1017
tractor-0368,tractor,0.9364,accept,test,0.1833
tractor-0369,tractor,0.9381,accept,train,0.0433
tractor-0370,tractor,0.9398,accept,val,0.1250
tractor-0371,tractor,0.9416,accept,test,0.2067
tractor-0372,tractor,0.9433,accept,train,0.0667
tractor-0373,tractor,0.9450,accept,val,0.1483
tractor-0374,tractor,0.9468,accept,test,0.2300
tractor-0375,tractor,0.9485,accept,train,0.0900
tractor-0376,tractor,0.9502,accept,val,0.1717
tractor-0377,tractor,0.9520,accept,test,0.0317
tractor-0378,tractor,0.9537,accept,train,0.1133
tractor-0379,tractor,0.9554,accept,val,0.1950
tractor-0380,tractor,0.9571,accept,test,0.0550
tractor-0381,tractor,0.9589,accept,train,0.1367
tractor-0382,tractor,0.9606,accept,val,0.2183
tractor-0383,tractor,0.9623,accept,test,0.0783
tractor-0384,tractor,0.9641,accept,train,0.1600
tractor-0385,tractor,0.9658,accept,val,0.0200
tractor-0386,tractor,0.9675,accept,test,0.1017
tractor-0387,tractor,0.9692,accept,train,0.1833
tractor-0388,tractor,0.9710,accept,val,0.0433
tractor-0389,tractor,0.9727,accept,test,0.1250
tractor-0390,tractor,0.9744,accept,train,0.2067
tractor-0391,tractor,0.9762,accept,val,0.0667
tractor-0392,tractor,0.9779,accept,test,0.1483
tractor-0393,tractor,0.9796,accept,train,0.2300
tractor-0394,tractor,0.9814,accept,val,0.0900
tractor-0395,tractor,0.9831,accept,test,0.1717
tractor-0396,tractor,0.9848,accept,train,0.0317
tractor-0397,tractor,0.9865,accept,val,0.1133
tractor-0398,tractor,0.9883,accept,test,0.1950
tractor-0399,tractor,0.9900,accept,train,0.0550
slipper-0000,slipper,0.3000,accept,train,0.0667
slipper-0001,slipper,0.3017,reject,val,0.1483
slipper-0002,slipper,0.3035,reject,test,0.2300
slipper-0003,slipper,0.3052,reject,train,0.0900
slipper-0004,slipper,0.3069,reject,val,0.1717
slipper-0005,slipper,0.3086,reject,test,0.0317
slipper-0006,slipper,0.3104,reject,train,0.1133
slipper-0007,slipper,0.3121,reject,val,0.1950
slipper-0008,slipper,0.3138,accept,test,0.0550
slipper-0009,slipper,0.3156,reject,train,0.1367
slipper-0010,slipper,0.3173,reject,val,0.2183
slipper-0011,slipper,0.3190,reject,test,0.0783
slipper-0012,slipper,0.3208,reject,train,0.1600
slipper-0013,slipper,0.3225,reject,val,0.0200
slipper-0014,slipper,0.3242,reject,test,0.1017
slipper-0015,slipper,0.3259,reject,train,0.1833
slipper-0016,slipper,0.3277,accept,val,0.0433
slipper-0017,slipper,0.3294,reject,test,0.1250
slipper-0018,slipper,0.3311,reject,train,0.2067
slipper-0019,slipper,0.3329,reject,val,0.0667
slipper-0020,slipper,0.3346,reject,test,0.1483
slipper-0021,slipper,0.3363,reject,train,0.2300
slipper-0022,slipper,0.3380,reject,val,0.0900
slipper-0023,slipper,0.3398,reject,test,0.1717
slipper-0024,slipper,0.3415,accept,train,0.0317
slipper-0025,slipper,0.3432,reject,val,0.1133
slipper-0026,slipper,0.3450,reject,test,0.1950
slipper-0027,slipper,0.3467,reject,train,0.0550
slipper-0028,slipper,0.3484,reject,val,0.1367
slipper-0029,slipper,0.3502,reject,test,0.2183
slipper-0030,slipper,0.3519,reject,train,0.0783
slipper-0031,slipper,0.3536,reject,val,0.1600
slipper-0032,slipper,0.3553,accept,test,0.0200
slipper-0033,slipper,0.3571,reject,train,0.1017
slipper-0034,slipper,0.3588,reject,val,0.1833
slipper-0035,slipper,0.3605,reject,test,0.0433
slipper-0036,slipper,0.3623,reject,train,0.1250
slipper-0037,slipper,0.3640,reject,val,0.2067
slipper-0038,slipper,0.3657,reject,test,0.0667
slipper-0039,slipper,0.3674,reject,train,0.1483
slipper-0040,slipper,0.3692,accept,val,0.2300
slipper-0041,slipper,0.3709,reject,test,0.0900
slipper-0042,slipper,0.3726,reject,train,0.1717
slipper-0043,slipper,0.3744,reject,val,0.0317
slipper-0044,slipper,0.3761,reject,test,0.1133
slipper-0045,slipper,0.3778,reject,train,0.1950
slipper-0046,slipper,0.3795,reject,val,0.0550
slipper-0047,slipper,0.3813,reject,test,0.1367
slipper-0048,slipper,0.3830,accept,train,0.2183
slipper-0049,slipper,0.3847,reject,val,0.0783
slipper-0050,slipper,0.3865,reject,test,0.1600
slipper-0051,slipper,0.3882,reject,train,0.0200
slipper-0052,slipper,0.3899,reject,val,0.1017
slipper-0053,slipper,0.3917,reject,test,0.1833
slipper-0054,slipper,0.3934,reject,train,0.0433
slipper-0055,slipper,0.3951,reject,val,0.1250
slipper-0056,slipper,0.3968,accept,test,0.2067
slipper-0057,slipper,0.3986,reject,train,0.0667
slipper-0058,slipper,0.4003,reject,val,0.1483
slipper-0059,slipper,0.4020,reject,test,0.2300
slipper-0060,slipper,0.4038,reject,train,0.0900
slipper-0061,slipper,0.4055,reject,val,0.1717
slipper-0062,slipper,0.4072,reject,test,0.0317
slipper-0063,slipper,0.4089,reject,train,0.1133
slipper-0064,slipper,0.4107,accept,val,0.1950
slipper-0065,slipper,0.4124,reject,test,0.0550
slipper-0066,slipper,0.4141,reject,train,0.1367
slipper-0067,slipper,0.4159,reject,val,0.2183
slipper-0068,slipper,0.4176,reject,test,0.0783
slipper-0069,slipper,0.4193,reject,train,0.1600
slipper-0070,slipper,0.4211,reject,val,0.0200
slipper-0071,slipper,0.4228,reject,test,0.1017
slipper-0072,slipper,0.4245,accept,train,0.1833
slipper-0073,slipper,0.4262,reject,val,0.0433
slipper-0074,slipper,0.4280,reject,test,0.1250
slipper-0075,slipper,0.4297,reject,train,0.2067
slipper-0076,slipper,0.4314,reject,val,0.0667
slipper-0077,slipper,0.4332,reject,test,0.1483
slipper-0078,slipper,0.4349,reject,train,0.2300
slipper-0079,slipper,0.4366,reject,val,0.0900
slipper-0080,slipper,0.4383,accept,test,0.1717
slipper-0081,slipper,0.4401,reject,train,0.0317
slipper-0082,slipper,0.4418,reject,val,0.1133
slipper-0083,slipper,0.4435,reject,test,0.1950
slipper-0084,slipper,0.4453,reject,train,0.0550
slipper-0085,slipper,0.4470,reject,val,0.1367
slipper-0086,slipper,0.4487,reject,test,0.2183
slipper-0087,slipper,0.4505,reject,train,0.0783
slipper-0088,slipper,0.4522,accept,val,0.1600
slipper-0089,slipper,0.4539,reject,test,0.0200
slipper-0090,slipper,0.4556,reject,train,0.1017
slipper-0091,slipper,0.4574,reject,val,0.1833
slipper-0092,slipper,0.4591,reject,test,0.0433
slipper-0093,slipper,0.4608,reject,train,0.1250
slipper-0094,slipper,0.4626,reject,val,0.2067
slipper-0095,slipper,0.4643,reject,test,0.0667
slipper-0096,slipper,0.4660,accept,train,0.1483
slipper-0097,slipper,0.4677,reject,val,0.2300
slipper-0098,slipper,0.4695,reject,test,0.0900
slipper-0099,slipper,0.4712,reject,train,0.1717
slipper-0100,slipper,0.4729,reject,val,0.0317
slipper-0101,slipper,0.4747,reject,test,0.1133
slipper-0102,slipper,0.4764,reject,train,0.1950
slipper-0103,slipper,0.4781,reject,val,0.0550
slipper-0104,slipper,0.4798,accept,test,0.1367
slipper-0105,slipper,0.4816,reject,train,0.2183
slipper-0106,slipper,0.4833,reject,val,0.0783
slipper-0107,slipper,0.4850,reject,test,0.1600
slipper-0108,slipper,0.4868,reject,train,0.0200
slipper-0109,slipper,0.4885,reject,val,0.1017
slipper-0110,slipper,0.4902,reject,test,0.1833
slipper-0111,slipper,0.4920,reject,train,0.0433
slipper-0112,slipper,0.4937,accept,val,0.1250
slipper-0113,slipper,0.4954,reject,test,0.2067
slipper-0114,slipper,0.4971,reject,train,0.0667
slipper-0115,slipper,0.4989,reject,val,0.1483
slipper-0116,slipper,0.5006,reject,test,0.2300
slipper-0117,slipper,0.5023,accept,train,0.0900
slipper-0118,slipper,0.5041,accept,val,0.1717
slipper-0119,slipper,0.5058,reject,test,0.0317
slipper-0120,slipper,0.5075,accept,train,0.1133
slipper-0121,slipper,0.5092,accept,val,0.1950
slipper-0122,slipper,0.5110,reject,test,0.0550
slipper-0123,slipper,0.5127,accept,train,0.1367
slipper-0124,slipper,0.5144,accept,val,0.2183
slipper-0125,slipper,0.5162,reject,test,0.0783
slipper-0126,slipper,0.5179,accept,train,0.1600
slipper-0127,slipper,0.5196,accept,val,0.0200
slipper-0128,slipper,0.5214,reject,test,0.1017
slipper-0129,slipper,0.5231,accept,train,0.1833
slipper-0130,slipper,0.5248,accept,val,0.0433
slipper-0131,slipper,0.5265,reject,test,0.1250
slipper-0132,slipper,0.5283,accept,train,0.2067
slipper-0133,slipper,0.5300,accept,val,0.0667
slipper-0134,slipper,0.5317,reject,test,0.1483
slipper-0135,slipper,0.5335,accept,train,0.2300
slipper-0136,slipper,0.5352,accept,val,0.0900
slipper-0137,slipper,0.5369,reject,test,0.1717
slipper-0138,slipper,0.5386,accept,train,0.0317
slipper-0139,slipper,0.5404,accept,val,0.1133
slipper-0140,slipper,0.5421,reject,test,0.1950
slipper-0141,slipper,0.5438,accept,train,0.0550
slipper-0142,slipper,0.5456,accept,val,0.1367
slipper-0143,slipper,0.5473,reject,test,0.2183
slipper-0144,slipper,0.5490,accept,train,0.0783
slipper-0145,slipper,0.5508,accept,val,0.1600
slipper-0146,slipper,0.5525,reject,test,0.0200
slipper-0147,slipper,0.5542,accept,train,0.1017
slipper-0148,slipper,0.5559,accept,val,0.1833
slipper-0149,slipper,0.5577,reject,test,0.0433
slipper-0150,slipper,0.5594,accept,train,0.1250
slipper-0151,slipper,0.5611,accept,val,0.2067
slipper-0152,slipper,0.5629,reject,test,0.0667
slipper-0153,slipper,0.5646,accept,train,0.1483
slipper-0154,slipper,0.5663,accept,val,0.2300
slipper-0155,slipper,0.5680,reject,test,0.0900
slipper-0156,slipper,0.5698,accept,train,0.1717
slipper-0157,slipper,0.5715,accept,val,0.0317
slipper-0158,slipper,0.5732,reject,test,0.1133
slipper-0159,slipper,0.5750,accept,train,0.1950
slipper-0160,slipper,0.5767,accept,val,0.0550
slipper-0161,slipper,0.5784,reject,test,0.1367
slipper-0162,slipper,0.5802,accept,train,0.2183
slipper-0163,slipper,0.5819,accept,val,0.0783
slipper-0164,slipper,0.5836,reject,test,0.1600
slipper-0165,slipper,0.5853,accept,train,0.0200
slipper-0166,slipper,0.5871,accept,val,0.1017
slipper-0167,slipper,0.5888,reject,test,0.1833
slipper-0168,slipper,0.5905,accept,train,0.0433
slipper-0169,slipper,0.5923,accept,val,0.1250
slipper-0170,slipper,0.5940,reject,test,0.2067
slipper-0171,slipper,0.5957,accept,train,0.0667
slipper-0172,slipper,0.5974,accept,val,0.1483
slipper-0173,slipper,0.5992,reject,test,0.2300
slipper-0174,slipper,0.6009,accept,train,0.0900
slipper-0175,slipper,0.6026,accept,val,0.1717
slipper-0176,slipper,0.6044,reject,test,0.0317
slipper-0177,slipper,0.6061,accept,train,0.1133
slipper-0178,slipper,0.6078,accept,val,0.1950
slipper-0179,slipper,0.6095,reject,test,0.0550
slipper-0180,slipper,0.6113,accept,train,0.1367
slipper-0181,slipper,0.6130,accept,val,0.2183
slipper-0182,slipper,0.6147,reject,test,0.0783
slipper-0183,slipper,0.6165,accept,train,0.1600
slipper-0184,slipper,0.6182,accept,val,0.0200
slipper-0185,slipper,0.6199,reject,test,0.1017
slipper-0186,slipper,0.6217,accept,train,0.1833
slipper-0187,slipper,0.6234,accept,val,0.0433
slipper-0188,slipper,0.6251,reject,test,0.1250
slipper-0189,slipper,0.6268,accept,train,0.2067
slipper-0190,slipper,0.6286,accept,val,0.0667
slipper-0191,slipper,0.6303,reject,test,0.1483
slipper-0192,slipper,0.6320,accept,train,0.2300
slipper-0193,slipper,0.6338,accept,val,0.0900
slipper-0194,slipper,0.6355,reject,test,0.1717
slipper-0195,slipper,0.6372,accept,train,0.0317
slipper-0196,slipper,0.6389,accept,val,0.1133
slipper-0197,slipper,0.6407,reject,test,0.1950
slipper-0198,slipper,0.6424,accept,train,0.0550
slipper-0199,slipper,0.6441,accept,val,0.1367
slipper-0200,slipper,0.6459,reject,test,0.2183
slipper-0201,slipper,0.6476,accept,train,0.0783
slipper-0202,slipper,0.6493,accept,val,0.1600
slipper-0203,slipper,0.6511,reject,test,0.0200
slipper-0204,slipper,0.6528,accept,train,0.1017
slipper-0205,slipper,0.6545,accept,val,0.1833
slipper-0206,slipper,0.6562,reject,test,0.0433
slipper-0207,slipper,0.6580,accept,train,0.1250
slipper-0208,slipper,0.6597,accept,val,0.2067
slipper-0209,slipper,0.6614,reject,test,0.0667
slipper-0210,slipper,0.6632,accept,train,0.1483
slipper-0211,slipper,0.6649,accept,val,0.2300
slipper-0212,slipper,0.6666,reject,test,0.0900
slipper-0213,slipper,0.6683,accept,train,0.1717
slipper-0214,slipper,0.6701,accept,val,0.0317
slipper-0215,slipper,0.6718,reject,test,0.1133
slipper-0216,slipper,0.6735,accept,train,0.1950
slipper-0217,slipper,0.6753,accept,val,0.0550
slipper-0218,slipper,0.6770,reject,test,0.1367
slipper-0219,slipper,0.6787,accept,train,0.2183
slipper-0220,slipper,0.6805,accept,val,0.0783
slipper-0221,slipper,0.6822,reject,test,0.1600
slipper-0222,slipper,0.6839,accept,train,0.0200
slipper-0223,slipper,0.6856,accept,val,0.1017
slipper-0224,slipper,0.6874,reject,test,0.1833
slipper-0225,slipper,0.6891,accept,train,0.0433
slipper-0226,slipper,0.6908,accept,val,0.1250
slipper-0227,slipper,0.6926,reject,test,0.2067
slipper-0228,slipper,0.6943,accept,train,0.0667
slipper-0229,slipper,0.6960,accept,val,0.1483
slipper-0230,slipper,0.6977,reject,test,0.2300
slipper-0231,slipper,0.6995,accept,train,0.0900
slipper-0232,slipper,0.7012,accept,val,0.1717
slipper-0233,slipper,0.7029,reject,test,0.0317
slipper-0234,slipper,0.7047,accept,train,0.1133
slipper-0235,slipper,0.7064,accept,val,0.1950
slipper-0236,slipper,0.7081,reject,test,0.0550
slipper-0237,slipper,0.7098,accept,train,0.1367
slipper-0238,slipper,0.7116,accept,val,0.2183
slipper-0239,slipper,0.7133,reject,test,0.0783
slipper-0240,slipper,0.7150,accept,train,0.1600
slipper-0241,slipper,0.7168,accept,val,0.0200
slipper-0242,slipper,0.7185,reject,test,0.1017
slipper-0243,slipper,0.7202,accept,train,0.1833
slipper-0244,slipper,0.7220,accept,val,0.0433
slipper-0245,slipper,0.7237,reject,test,0.1250
slipper-0246,slipper,0.7254,accept,train,0.2067
slipper-0247,slipper,0.7271,accept,val,0.0667
slipper-0248,slipper,0.7289,reject,test,0.1483
slipper-0249,slipper,0.7306,accept,train,0.2300
slipper-0250,slipper,0.7323,accept,val,0.0900
slipper-0251,slipper,0.7341,reject,test,0.1717
slipper-0252,slipper,0.7358,accept,train,0.0317
slipper-0253,slipper,0.7375,accept,val,0.1133
slipper-0254,slipper,0.7392,reject,test,0.1950
slipper-0255,slipper,0.7410,accept,train,0.0550
slipper-0256,slipper,0.7427,accept,val,0.1367
slipper-0257,slipper,0.7444,reject,test,0.2183
slipper-0258,slipper,0.7462,accept,train,0.0783
slipper-0259,slipper,0.7479,accept,val,0.1600
slipper-0260,slipper,0.7496,reject,test,0.0200
slipper-0261,slipper,0.7514,accept,train,0.1017
slipper-0262,slipper,0.7531,accept,val,0.1833
slipper-0263,slipper,0.7548,reject,test,0.0433
slipper-0264,slipper,0.7565,accept,train,0.1250
slipper-0265,slipper,0.7583,accept,val,0.2067
slipper-0266,slipper,0.7600,reject,test,0.0667
slipper-0267,slipper,0.7617,accept,train,0.1483
slipper-0268,slipper,0.7635,accept,val,0.2300
slipper-0269,slipper,0.7652,reject,test,0.0900
slipper-0270,slipper,0.7669,accept,train,0.1717
slipper-0271,slipper,0.7686,accept,val,0.0317
slipper-0272,slipper,0.7704,reject,test,0.1133
slipper-0273,slipper,0.7721,accept,train,0.1950
slipper-0274,slipper,0.7738,accept,val,0.0550
slipper-0275,slipper,0.7756,reject,test,0.1367
slipper-0276,slipper,0.7773,accept,train,0.2183
slipper-0277,slipper,0.7790,accept,val,0.0783
slipper-0278,slipper,0.7808,reject,test,0.1600
slipper-0279,slipper,0.7825,accept,train,0.0200
slipper-0280,slipper,0.7842,accept,val,0.1017
slipper-0281,slipper,0.7859,reject,test,0.1833
slipper-0282,slipper,0.7877,accept,train,0.0433
slipper-0283,slipper,0.7894,accept,val,0.1250
slipper-0284,slipper,0.7911,reject,test,0.2067
slipper-0285,slipper,0.7929,accept,train,0.0667
slipper-0286,slipper,0.7946,accept,val,0.1483
slipper-0287,slipper,0.7963,reject,test,0.2300
slipper-0288,slipper,0.7980,accept,train,0.0900
slipper-0289,slipper,0.7998,accept,val,0.1717
slipper-0290,slipper,0.8015,reject,test,0.0317
slipper-0291,slipper,0.8032,accept,train,0.1133
slipper-0292,slipper,0.8050,accept,val,0.1950
slipper-0293,slipper,0.8067,reject,test,0.0550
slipper-0294,slipper,0.8084,accept,train,0.1367
slipper-0295,slipper,0.8102,accept,val,0.2183
slipper-0296,slipper,0.8119,reject,test,0.0783
slipper-0297,slipper,0.8136,accept,train,0.1600
slipper-0298,slipper,0.8153,accept,val,0.0200
slipper-0299,slipper,0.8171,reject,test,0.1017
slipper-0300,slipper,0.8188,accept,train,0.1833
slipper-0301,slipper,0.8205,accept,val,0.0433
slipper-0302,slipper,0.8223,reject,test,0.1250
slipper-0303,slipper,0.8240,accept,train,0.2067
slipper-0304,slipper,0.8257,accept,val,0.0667
slipper-0305,slipper,0.8274,reject,test,0.1483
slipper-0306,slipper,0.8292,accept,train,0.2300
slipper-0307,slipper,0.8309,accept,val,0.0900
slipper-0308,slipper,0.8326,reject,test,0.1717
slipper-0309,slipper,0.8344,accept,train,0.0317
slipper-0310,slipper,0.8361,accept,val,0.1133
slipper-0311,slipper,0.8378,reject,test,0.1950
slipper-0312,slipper,0.8395,accept,train,0.0550
slipper-0313,slipper,0.8413,accept,val,0.1367
slipper-0314,slipper,0.8430,accept,test,0.2183
slipper-0315,slipper,0.8447,accept,train,0.0783
slipper-0316,slipper,0.8465,accept,val,0.1600
slipper-0317,slipper,0.8482,accept,test,0.0200
slipper-0318,slipper,0.8499,accept,train,0.1017
slipper-0319,slipper,0.8517,accept,val,0.1833
slipper-0320,slipper,0.8534,accept,test,0.0433
slipper-0321,slipper,0.8551,accept,train,0.1250
slipper-0322,slipper,0.8568,accept,val,0.2067
slipper-0323,slipper,0.8586,accept,test,0.0667
slipper-0324,slipper,0.8603,accept,train,0.1483
slipper-0325,slipper,0.8620,accept,val,0.2300
slipper-0326,slipper,0.8638,accept,test,0.0900
slipper-0327,slipper,0.8655,accept,train,0.1717
slipper-0328,slipper,0.8672,accept,val,0.0317
slipper-0329,slipper,0.8689,accept,test,0.1133
slipper-0330,slipper,0.8707,accept,train,0.1950
slipper-0331,slipper,0.8724,accept,val,0.0550
slipper-0332,slipper,0.8741,accept,test,0.1367
slipper-0333,slipper,0.8759,accept,train,0.2183
slipper-0334,slipper,0.8776,accept,val,0.0783
slipper-0335,slipper,0.8793,accept,test,0.1600
slipper-0336,slipper,0.8811,accept,train,0.0200
slipper-0337,slipper,0.8828,accept,val,0.1017
slipper-0338,slipper,0.8845,accept,test,0.1833
slipper-0339,slipper,0.8862,accept,train,0.0433
slipper-0340,slipper,0.8880,accept,val,0.1250
slipper-0341,slipper,0.8897,accept,test,0.2067
slipper-0342,slipper,0.8914,accept,train,0.0667
slipper-0343,slipper,0.8932,accept,val,0.1483
slipper-0344,slipper,0.8949,accept,test,0.2300
slipper-0345,slipper,0.8966,accept,train,0.0900
slipper-0346,slipper,0.8983,accept,val,0.1717
slipper-0347,slipper,0.9001,accept,test,0.0317
slipper-0348,slipper,0.9018,accept,train,0.1133
slipper-0349,slipper,0.9035,accept,val,0.1950
slipper-0350,slipper,0.9053,accept,test,0.0550
slipper-0351,slipper,0.9070,accept,train,0.1367
slipper-0352,slipper,0.9087,accept,val,0.2183
slipper-0353,slipper,0.9105,accept,test,0.0783
slipper-0354,slipper,0.9122,accept,train,0.1600
slipper-0355,slipper,0.9139,accept,val,0.0200
slipper-0356,slipper,0.9156,accept,test,0.1017
slipper-0357,slipper,0.9174,accept,train,0.1833
slipper-0358,slipper,0.9191,accept,val,0.0433
slipper-0359,slipper,0.9208,accept,test,0.1250
slipper-0360,slipper,0.9226,accept,train,0.2067
slipper-0361,slipper,0.9243,accept,val,0.0667
slipper-0362,slipper,0.9260,accept,test,0.1483
slipper-0363,slipper,0.9277,accept,train,0.2300
slipper-0364,slipper,0.9295,accept,val,0.0900
slipper-0365,slipper,0.9312,accept,test,0.1717
slipper-0366,slipper,0.9329,accept,train,0.0317
slipper-0367,slipper,0.9347,accept,val,0.1133
slipper-0368,slipper,0.9364,accept,test,0.1950
slipper-0369,slipper,0.9381,accept,train,0.0550
slipper-0370,slipper,0.9398,accept,val,0.1367
slipper-0371,slipper,0.9416,accept,test,0.2183
slipper-0372,slipper,0.9433,accept,train,0.0783
slipper-0373,slipper,0.9450,accept,val,0.1600
slipper-0374,slipper,0.9468,accept,test,0.0200
slipper-0375,slipper,0.9485,accept,train,0.1017
slipper-0376,slipper,0.9502,accept,val,0.1833
slipper-0377,slipper,0.9520,accept,test,0.0433
slipper-0378,slipper,0.9537,accept,train,0.1250
slipper-0379,slipper,0.9554,accept,val,0.2067
slipper-0380,slipper,0.9571,accept,test,0.0667
slipper-0381,slipper,0.9589,accept,train,0.1483
slipper-0382,slipper,0.9606,accept,val,0.2300
slipper-0383,slipper,0.9623,accept,test,0.0900
slipper-0384,slipper,0.9641,accept,train,0.1717
slipper-0385,slipper,0.9658,accept,val,0.0317
slipper-0386,slipper,0.9675,accept,test,0.1133
slipper-0387,slipper,0.9692,accept,train,0.1950
slipper-0388,slipper,0.9710,accept,val,0.0550
slipper-0389,slipper,0.9727,accept,test,0.1367
slipper-0390,slipper,0.9744,accept,train,0.2183
slipper-0391,slipper,0.9762,accept,val,0.0783
slipper-0392,slipper,0.9779,accept,test,0.1600
slipper-0393,slipper,0.9796,accept,train,0.0200
slipper-0394,slipper,0.9814,accept,val,0.1017
slipper-0395,slipper,0.9831,accept,test,0.1833
slipper-0396,slipper,0.9848,accept,train,0.0433
slipper-0397,slipper,0.9865,accept,val,0.1250
slipper-0398,slipper,0.9883,accept,test,0.2067
slipper-0399,slipper,0.9900,accept,train,0.0667
smoking-0000,smoking,0.3000,reject,train,0.0783
smoking-0001,smoking,0.3017,reject,val,0.1600
smoking-0002,smoking,0.3035,reject,test,0.0200
smoking-0003,smoking,0.3052,reject,train,0.1017
smoking-0004,smoking,0.3069,reject,val,0.1833
smoking-0005,smoking,0.3086,reject,test,0.0433
smoking-0006,smoking,0.3104,accept,train,0.1250
smoking-0007,smoking,0.3121,reject,val,0.2067
smoking-0008,smoking,0.3138,reject,test,0.0667
smoking-0009,smoking,0.3156,reject,train,0.1483
smoking-0010,smoking,0.3173,reject,val,0.2300
smoking-0011,smoking,0.3190,reject,test,0.0900
smoking-0012,smoking,0.3208,reject,train,0.1717
smoking-0013,smoking,0.3225,reject,val,0.0317
smoking-0014,smoking,0.3242,accept,test,0.1133
smoking-0015,smoking,0.3259,reject,train,0.1950
smoking-0016,smoking,0.3277,reject,val,0.0550
smoking-0017,smoking,0.3294,reject,test,0.1367
smoking-0018,smoking,0.3311,reject,train,0.2183
smoking-0019,smoking,0.3329,reject,val,0.0783
smoking-0020,smoking,0.3346,reject,test,0.1600
smoking-0021,smoking,0.3363,reject,train,0.0200
smoking-0022,smoking,0.3380,accept,val,0.1017
smoking-0023,smoking,0.3398,reject,test,0.1833
smoking-0024,smoking,0.3415,reject,train,0.0433
smoking-0025,smoking,0.3432,reject,val,0.1250
smoking-0026,smoking,0.3450,reject,test,0.2067
smoking-0027,smoking,0.3467,reject,train,0.0667
smoking-0028,smoking,0.3484,reject,val,0.1483
smoking-0029,smoking,0.3502,reject,test,0.2300
smoking-0030,smoking,0.3519,accept,train,0.0900
smoking-0031,smoking,0.3536,reject,val,0.1717
smoking-0032,smoking,0.3553,reject,test,0.0317
smoking-0033,smoking,0.3571,reject,train,0.1133
smoking-0034,smoking,0.3588,reject,val,0.1950
smoking-0035,smoking,0.3605,reject,test,0.0550
smoking-0036,smoking,0.3623,reject,train,0.1367
smoking-0037,smoking,0.3640,reject,val,0.2183
smoking-0038,smoking,0.3657,accept,test,0.0783
smoking-0039,smoking,0.3674,reject,train,0.1600
smoking-0040,smoking,0.3692,reject,val,0.0200
smoking-0041,smoking,0.3709,reject,test,0.1017
smoking-0042,smoking,0.3726,reject,train,0.1833
smoking-0043,smoking,0.3744,reject,val,0.0433
smoking-0044,smoking,0.3761,reject,test,0.1250
smoking-0045,smoking,0.3778,reject,train,0.2067
smoking-0046,smoking,0.3795,accept,val,0.0667
smoking-0047,smoking,0.3813,reject,test,0.1483
smoking-0048,smoking,0.3830,reject,train,0.2300
smoking-0049,smoking,0.3847,reject,val,0.0900
smoking-0050,smoking,0.3865,reject,test,0.1717
smoking-0051,smoking,0.3882,reject,train,0.0317
smoking-0052,smoking,0.3899,reject,val,0.1133
smoking-0053,smoking,0.3917,reject,test,0.1950
smoking-0054,smoking,0.3934,accept,train,0.0550
smoking-0055,smoking,0.3951,reject,val,0.1367
smoking-0056,smoking,0.3968,reject,test,0.2183
smoking-0057,smoking,0.3986,reject,train,0.0783
smoking-0058,smoking,0.4003,reject,val,0.1600
smoking-0059,smoking,0.4020,reject,test,0.0200
smoking-0060,smoking,0.4038,reject,train,0.1017
smoking-0061,smoking,0.4055,reject,val,0.1833
smoking-0062,smoking,0.4072,accept,test,0.0433
smoking-0063,smoking,0.4089,reject,train,0.1250
smoking-0064,smoking,0.4107,reject,val,0.2067
smoking-0065,smoking,0.4124,reject,test,0.0667
smoking-0066,smoking,0.4141,reject,train,0.1483
smoking-0067,smoking,0.4159,reject,val,0.2300
smoking-0068,smoking,0.4176,reject,test,0.0900
smoking-0069,smoking,0.4193,reject,train,0.1717
smoking-0070,smoking,0.4211,accept,val,0.0317
smoking-0071,smoking,0.4228,reject,test,0.1133
smoking-0072,smoking,0.4245,reject,train,0.1950
smoking-0073,smoking,0.4262,reject,val,0.0550
smoking-0074,smoking,0.4280,reject,test,0.1367
smoking-0075,smoking,0.4297,reject,train,0.2183
smoking-0076,smoking,0.4314,reject,val,0.0783
smoking-0077,smoking,0.4332,reject,test,0.1600
smoking-0078,smoking,0.4349,accept,train,0.0200
smoking-0079,smoking,0.4366,reject,val,0.1017
smoking-0080,smoking,0.4383,reject,test,0.1833
smoking-0081,smoking,0.4401,reject,train,0.0433
smoking-0082,smoking,0.4418,reject,val,0.1250
smoking-0083,smoking,0.4435,reject,test,0.2067
smoking-0084,smoking,0.4453,reject,train,0.0667
smoking-0085,smoking,0.4470,reject,val,0.1483
smoking-0086,smoking,0.4487,accept,test,0.2300
smoking-0087,smoking,0.4505,reject,train,0.0900
smoking-0088,smoking,0.4522,reject,val,0.1717
smoking-0089,smoking,0.4539,reject,test,0.0317
smoking-0090,smoking,0.4556,reject,train,0.1133
smoking-0091,smoking,0.4574,reject,val,0.1950
smoking-0092,smoking,0.4591,reject,test,0.0550
smoking-0093,smoking,0.4608,accept,train,0.1367
smoking-0094,smoking,0.4626,reject,val,0.2183
smoking-0095,smoking,0.4643,accept,test,0.0783
smoking-0096,smoking,0.4660,accept,train,0.1600
smoking-0097,smoking,0.4677,reject,val,0.0200
smoking-0098,smoking,0.4695,accept,test,0.1017
smoking-0099,smoking,0.4712,accept,train,0.1833
smoking-0100,smoking,0.4729,reject,val,0.0433
smoking-0101,smoking,0.4747,accept,test,0.1250
smoking-0102,smoking,0.4764,accept,train,0.2067
smoking-0103,smoking,0.4781,reject,val,0.0667
smoking-0104,smoking,0.4798,accept,test,0.1483
smoking-0105,smoking,0.4816,accept,train,0.2300
smoking-0106,smoking,0.4833,reject,val,0.0900
smoking-0107,smoking,0.4850,accept,test,0.1717
smoking-0108,smoking,0.4868,accept,train,0.0317
smoking-0109,smoking,0.4885,reject,val,0.1133
smoking-0110,smoking,0.4902,accept,test,0.1950
smoking-0111,smoking,0.4920,accept,train,0.0550
smoking-0112,smoking,0.4937,reject,val,0.1367
smoking-0113,smoking,0.4954,accept,test,0.2183
smoking-0114,smoking,0.4971,accept,train,0.0783
smoking-0115,smoking,0.4989,reject,val,0.1600
smoking-0116,smoking,0.5006,accept,test,0.0200
smoking-0117,smoking,0.5023,accept,train,0.1017
smoking-0118,smoking,0.5041,reject,val,0.1833
smoking-0119,smoking,0.5058,accept,test,0.0433
smoking-0120,smoking,0.5075,accept,train,0.1250
smoking-0121,smoking,0.5092,reject,val,0.2067
smoking-0122,smoking,0.5110,accept,test,0.0667
smoking-0123,smoking,0.5127,accept,train,0.1483
smoking-0124,smoking,0.5144,reject,val,0.2300
smoking-0125,smoking,0.5162,accept,test,0.0900
smoking-0126,smoking,0.5179,accept,train,0.1717
smoking-0127,smoking,0.5196,reject,val,0.0317
smoking-0128,smoking,0.5214,accept,test,0.1133
smoking-0129,smoking,0.5231,accept,train,0.1950
smoking-0130,smoking,0.5248,reject,val,0.0550
smoking-0131,smoking,0.5265,accept,test,0.1367
smoking-0132,smoking,0.5283,accept,train,0.2183
smoking-0133,smoking,0.5300,reject,val,0.0783
smoking-0134,smoking,0.5317,accept,test,0.1600
smoking-0135,smoking,0.5335,accept,train,0.0200
smoking-0136,smoking,0.5352,reject,val,0.1017
smoking-0137,smoking,0.5369,accept,test,0.1833
smoking-0138,smoking,0.5386,accept,train,0.0433
smoking-0139,smoking,0.5404,reject,val,0.1250
smoking-0140,smoking,0.5421,accept,test,0.2067
smoking-0141,smoking,0.5438,accept,train,0.0667
smoking-0142,smoking,0.5456,reject,val,0.1483
smoking-0143,smoking,0.5473,accept,test,0.2300
smoking-0144,smoking,0.5490,accept,train,0.0900
smoking-0145,smoking,0.5508,reject,val,0.1717
smoking-0146,smoking,0.5525,accept,test,0.0317
smoking-0147,smoking,0.5542,accept,train,0.1133
smoking-0148,smoking,0.5559,reject,val,0.1950
smoking-0149,smoking,0.5577,accept,test,0.0550
smoking-0150,smoking,0.5594,accept,train,0.1367
smoking-0151,smoking,0.5611,reject,val,0.2183
smoking-0152,smoking,0.5629,accept,test,0.0783
smoking-0153,smoking,0.5646,accept,train,0.1600
smoking-0154,smoking,0.5663,reject,val,0.0200
smoking-0155,smoking,0.5680,accept,test,0.1017
smoking-0156,smoking,0.5698,accept,train,0.1833
smoking-0157,smoking,0.5715,reject,val,0.0433
smoking-0158,smoking,0.5732,accept,test,0.1250
smoking-0159,smoking,0.5750,accept,train,0.2067
smoking-0160,smoking,0.5767,reject,val,0.0667
smoking-0161,smoking,0.5784,accept,test,0.1483
smoking-0162,smoking,0.5802,accept,train,0.2300
smoking-0163,smoking,0.5819,reject,val,0.0900
smoking-0164,smoking,0.5836,accept,test,0.1717
smoking-0165,smoking,0.5853,accept,train,0.0317
smoking-0166,smoking,0.5871,reject,val,0.1133
smoking-0167,smoking,0.5888,accept,test,0.1950
smoking-0168,smoking,0.5905,accept,train,0.0550
smoking-0169,smoking,0.5923,reject,val,0.1367
smoking-0170,smoking,0.5940,accept,test,0.2183
smoking-0171,smoking,0.5957,accept,train,0.0783
smoking-0172,smoking,0.5974,reject,val,0.1600
smoking-0173,smoking,0.5992,accept,test,0.0200
smoking-0174,smoking,0.6009,accept,train,0.1017
smoking-0175,smoking,0.6026,reject,val,0.1833
smoking-0176,smoking,0.6044,accept,test,0.0433
smoking-0177,smoking,0.6061,accept,train,0.1250
smoking-0178,smoking,0.6078,reject,val,0.2067
smoking-0179,smoking,0.6095,accept,test,0.0667
smoking-0180,smoking,0.6113,accept,train,0.1483
smoking-0181,smoking,0.6130,reject,val,0.2300
smoking-0182,smoking,0.6147,accept,test,0.0900
smoking-0183,smoking,0.6165,accept,train,0.1717
smoking-0184,smoking,0.6182,reject,val,0.0317
smoking-0185,smoking,0.6199,accept,test,0.1133
smoking-0186,smoking,0.6217,accept,train,0.1950
smoking-0187,smoking,0.6234,reject,val,0.0550
smoking-0188,smoking,0.6251,accept,test,0.1367
smoking-0189,smoking,0.6268,accept,train,0.2183
smoking-0190,smoking,0.6286,reject,val,0.0783
smoking-0191,smoking,0.6303,accept,test,0.1600
smoking-0192,smoking,0.6320,accept,train,0.0200
smoking-0193,smoking,0.6338,reject,val,0.1017
smoking-0194,smoking,0.6355,accept,test,0.1833
smoking-0195,smoking,0.6372,accept,train,0.0433
smoking-0196,smoking,0.6389,reject,val,0.1250
smoking-0197,smoking,0.6407,accept,test,0.2067
smoking-0198,smoking,0.6424,accept,train,0.0667
smoking-0199,smoking,0.6441,reject,val,0.1483
smoking-0200,smoking,0.6459,accept,test,0.2300
smoking-0201,smoking,0.6476,accept,train,0.0900
smoking-0202,smoking,0.6493,reject,val,0.1717
smoking-0203,smoking,0.6511,accept,test,0.0317
smoking-0204,smoking,0.6528,accept,train,0.1133
smoking-0205,smoking,0.6545,reject,val,0.1950
smoking-0206,smoking,0.6562,accept,test,0.0550
smoking-0207,smoking,0.6580,accept,train,0.1367
smoking-0208,smoking,0.6597,reject,val,0.2183
smoking-0209,smoking,0.6614,accept,test,0.0783
smoking-0210,smoking,0.6632,accept,train,0.1600
smoking-0211,smoking,0.6649,reject,val,0.0200
smoking-0212,smoking,0.6666,accept,test,0.1017
smoking-0213,smoking,0.6683,accept,train,0.1833
smoking-0214,smoking,0.6701,reject,val,0.0433
smoking-0215,smoking,0.6718,accept,test,0.1250
smoking-0216,smoking,0.6735,accept,train,0.2067
smoking-0217,smoking,0.6753,reject,val,0.0667
smoking-0218,smoking,0.6770,accept,test,0.1483
smoking-0219,smoking,0.6787,accept,train,0.2300
smoking-0220,smoking,0.6805,reject,val,0.0900
smoking-0221,smoking,0.6822,accept,test,0.1717
smoking-0222,smoking,0.6839,accept,train,0.0317
smoking-0223,smoking,0.6856,reject,val,0.1133
smoking-0224,smoking,0.6874,accept,test,0.1950
smoking-0225,smoking,0.6891,accept,train,0.0550
smoking-0226,smoking,0.6908,reject,val,0.1367
smoking-0227,smoking,0.6926,accept,test,0.2183
smoking-0228,smoking,0.6943,accept,train,0.0783
smoking-0229,smoking,0.6960,reject,val,0.1600
smoking-0230,smoking,0.6977,accept,test,0.0200
smoking-0231,smoking,0.6995,accept,train,0.1017
smoking-0232,smoking,0.7012,reject,val,0.1833
smoking-0233,smoking,0.7029,accept,test,0.0433
smoking-0234,smoking,0.7047,accept,train,0.1250
smoking-0235,smoking,0.7064,reject,val,0.2067
smoking-0236,smoking,0.7081,accept,test,0.0667
smoking-0237,smoking,0.7098,accept,train,0.1483
smoking-0238,smoking,0.7116,reject,val,0.2300
smoking-0239,smoking,0.7133,accept,test,0.0900
smoking-0240,smoking,0.7150,accept,train,0.1717
smoking-0241,smoking,0.7168,reject,val,0.0317
smoking-0242,smoking,0.7185,accept,test,0.1133
smoking-0243,smoking,0.7202,accept,train,0.1950
smoking-0244,smoking,0.7220,reject,val,0.0550
smoking-0245,smoking,0.7237,accept,test,0.1367
smoking-0246,smoking,0.7254,accept,train,0.2183
smoking-0247,smoking,0.7271,reject,val,0.0783
smoking-0248,smoking,0.7289,accept,test,0.1600
smoking-0249,smoking,0.7306,accept,train,0.0200
smoking-0250,smoking,0.7323,reject,val,0.1017
smoking-0251,smoking,0.7341,accept,test,0.1833
smoking-0252,smoking,0.7358,accept,train,0.0433
smoking-0253,smoking,0.7375,reject,val,0.1250
smoking-0254,smoking,0.7392,accept,test,0.2067
smoking-0255,smoking,0.7410,accept,train,0.0667
smoking-0256,smoking,0.7427,reject,val,0.1483
smoking-0257,smoking,0.7444,accept,test,0.2300
smoking-0258,smoking,0.7462,accept,train,0.0900
smoking-0259,smoking,0.7479,reject,val,0.1717
smoking-0260,smoking,0.7496,accept,test,0.0317
smoking-0261,smoking,0.7514,accept,train,0.1133
smoking-0262,smoking,0.7531,reject,val,0.1950
smoking-0263,smoking,0.7548,accept,test,0.0550
smoking-0264,smoking,0.7565,accept,train,0.1367
smoking-0265,smoking,0.7583,reject,val,0.2183
smoking-0266,smoking,0.7600,accept,test,0.0783
smoking-0267,smoking,0.7617,accept,train,0.1600
smoking-0268,smoking,0.7635,reject,val,0.0200
smoking-0269,smoking,0.7652,accept,test,0.1017
smoking-0270,smoking,0.7669,accept,train,0.1833
smoking-0271,smoking,0.7686,reject,val,0.0433
smoking-0272,smoking,0.7704,accept,test,0.1250
smoking-0273,smoking,0.7721,accept,train,0.2067
smoking-0274,smoking,0.7738,reject,val,0.0667
smoking-0275,smoking,0.7756,accept,test,0.1483
smoking-0276,smoking,0.7773,accept,train,0.2300
smoking-0277,smoking,0.7790,reject,val,0.0900
smoking-0278,smoking,0.7808,accept,test,0.1717
smoking-0279,smoking,0.7825,accept,train,0.0317
smoking-0280,smoking,0.7842,reject,val,0.1133
smoking-0281,smoking,0.7859,accept,test,0.1950
smoking-0282,smoking,0.7877,accept,train,0.0550
smoking-0283,smoking,0.7894,reject,val,0.1367
smoking-0284,smoking,0.7911,accept,test,0.2183
smoking-0285,smoking,0.7929,accept,train,0.0783
smoking-0286,smoking,0.7946,reject,val,0.1600
smoking-0287,smoking,0.7963,accept,test,0.0200
smoking-0288,smoking,0.7980,accept,train,0.1017
smoking-0289,smoking,0.7998,reject,val,0.1833
smoking-0290,smoking,0.8015,accept,test,0.0433
smoking-0291,smoking,0.8032,accept,train,0.1250
smoking-0292,smoking,0.8050,reject,val,0.2067
smoking-0293,smoking,0.8067,accept,test,0.0667
smoking-0294,smoking,0.8084,accept,train,0.1483
smoking-0295,smoking,0.8102,reject,val,0.2300
smoking-0296,smoking,0.8119,accept,test,0.0900
smoking-0297,smoking,0.8136,accept,train,0.1717
smoking-0298,smoking,0.8153,reject,val,0.0317
smoking-0299,smoking,0.8171,accept,test,0.1133
smoking-0300,smoking,0.8188,accept,train,0.1950
smoking-0301,smoking,0.8205,reject,val,0.0550
smoking-0302,smoking,0.8223,accept,test,0.1367
smoking-0303,smoking,0.8240,accept,train,0.2183
smoking-0304,smoking,0.8257,reject,val,0.0783
smoking-0305,smoking,0.8274,accept,test,0.1600
smoking-0306,smoking,0.8292,accept,train,0.0200
smoking-0307,smoking,0.8309,reject,val,0.1017
smoking-0308,smoking,0.8326,accept,test,0.1833
smoking-0309,smoking,0.8344,accept,train,0.0433
smoking-0310,smoking,0.8361,reject,val,0.1250
smoking-0311,smoking,0.8378,accept,test,0.2067
smoking-0312,smoking,0.8395,accept,train,0.0667
smoking-0313,smoking,0.8413,reject,val,0.1483
smoking-0314,smoking,0.8430,accept,test,0.2300
smoking-0315,smoking,0.8447,accept,train,0.0900
smoking-0316,smoking,0.8465,reject,val,0.1717
smoking-0317,smoking,0.8482,accept,test,0.0317
smoking-0318,smoking,0.8499,accept,train,0.1133
smoking-0319,smoking,0.8517,reject,val,0.1950
smoking-0320,smoking,0.8534,accept,test,0.0550
smoking-0321,smoking,0.8551,accept,train,0.1367
smoking-0322,smoking,0.8568,reject,val,0.2183
smoking-0323,smoking,0.8586,accept,test,0.0783
smoking-0324,smoking,0.8603,accept,train,0.1600
smoking-0325,smoking,0.8620,accept,val,0.0200
smoking-0326,smoking,0.8638,accept,test,0.1017
smoking-0327,smoking,0.8655,accept,train,0.1833
smoking-0328,smoking,0.8672,accept,val,0.0433
smoking-0329,smoking,0.8689,accept,test,0.1250
smoking-0330,smoking,0.8707,accept,train,0.2067
smoking-0331,smoking,0.8724,accept,val,0.0667
smoking-0332,smoking,0.8741,accept,test,0.1483
smoking-0333,smoking,0.8759,accept,train,0.2300
smoking-0334,smoking,0.8776,accept,val,0.0900
smoking-0335,smoking,0.8793,accept,test,0.1717
smoking-0336,smoking,0.8811,accept,train,0.0317
smoking-0337,smoking,0.8828,accept,val,0.1133
smoking-0338,smoking,0.8845,accept,test,0.1950
smoking-0339,smoking,0.8862,accept,train,0.0550
smoking-0340,smoking,0.8880,accept,val,0.1367
smoking-0341,smoking,0.8897,accept,test,0.2183
smoking-0342,smoking,0.8914,accept,train,0.0783
smoking-0343,smoking,0.8932,accept,val,0.1600
smoking-0344,smoking,0.8949,accept,test,0.0200
smoking-0345,smoking,0.8966,accept,train,0.1017
smoking-0346,smoking,0.8983,accept,val,0.1833
smoking-0347,smoking,0.9001,accept,test,0.0433
smoking-0348,smoking,0.9018,accept,train,0.1250
smoking-0349,smoking,0.9035,accept,val,0.2067
smoking-0350,smoking,0.9053,accept,test,0.0667
smoking-0351,smoking,0.9070,accept,train,0.1483
smoking-0352,smoking,0.9087,accept,val,0.2300
smoking-0353,smoking,0.9105,accept,test,0.0900
smoking-0354,smoking,0.9122,accept,train,0.1717
smoking-0355,smoking,0.9139,accept,val,0.0317
smoking-0356,smoking,0.9156,accept,test,0.1133
smoking-0357,smoking,0.9174,accept,train,0.1950
smoking-0358,smoking,0.9191,accept,val,0.0550
smoking-0359,smoking,0.9208,accept,test,0.1367
smoking-0360,smoking,0.9226,accept,train,0.2183
smoking-0361,smoking,0.9243,accept,val,0.0783
smoking-0362,smoking,0.9260,accept,test,0.1600
smoking-0363,smoking,0.9277,accept,train,0.0200
smoking-0364,smoking,0.9295,accept,val,0.1017
smoking-0365,smoking,0.9312,accept,test,0.1833
smoking-0366,smoking,0.9329,accept,train,0.0433
smoking-0367,smoking,0.9347,accept,val,0.1250
smoking-0368,smoking,0.9364,accept,test,0.2067
smoking-0369,smoking,0.9381,accept,train,0.0667
smoking-0370,smoking,0.9398,accept,val,0.1483
smoking-0371,smoking,0.9416,accept,test,0.2300
smoking-0372,smoking,0.9433,accept,train,0.0900
smoking-0373,smoking,0.9450,accept,val,0.1717
smoking-0374,smoking,0.9468,accept,test,0.0317
smoking-0375,smoking,0.9485,accept,train,0.1133
smoking-0376,smoking,0.9502,accept,val,0.1950
smoking-0377,smoking,0.9520,accept,test,0.0550
smoking-0378,smoking,0.9537,accept,train,0.1367
smoking-0379,smoking,0.9554,accept,val,0.2183
smoking-0380,smoking,0.9571,accept,test,0.0783
smoking-0381,smoking,0.9589,accept,train,0.1600
smoking-0382,smoking,0.9606,accept,val,0.0200
smoking-0383,smoking,0.9623,accept,test,0.1017
smoking-0384,smoking,0.9641,accept,train,0.1833
smoking-0385,smoking,0.9658,accept,val,0.0433
smoking-0386,smoking,0.9675,accept,test,0.1250
smoking-0387,smoking,0.9692,accept,train,0.2067
smoking-0388,smoking,0.9710,accept,val,0.0667
smoking-0389,smoking,0.9727,accept,test,0.1483
smoking-0390,smoking,0.9744,accept,train,0.2300
smoking-0391,smoking,0.9762,accept,val,0.0900
smoking-0392,smoking,0.9779,accept,test,0.1717
smoking-0393,smoking,0.9796,accept,train,0.0317
smoking-0394,smoking,0.9814,accept,val,0.1133
smoking-0395,smoking,0.9831,accept,test,0.1950
smoking-0396,smoking,0.9848,accept,train,0.0550
smoking-0397,smoking,0.9865,accept,val,0.1367
smoking-0398,smoking,0.9883,accept,test,0.2183
smoking-0399,smoking,0.9900,accept,train,0.0783
